Year,Country,NOC,iso3c,Gold,Silver,Bronze,Total_Medals,GDP,GDP_billions,medals_per_billion_gdp
1960,United States,USA,USA,34,21,16,71,542390475099.326,542.390475099326,0.13090200374001412
1960,Italy,ITA,ITA,13,10,13,36,42012422612.3955,42.0124226123955,0.8568894094047895
1960,Germany,GER,DEU,12,19,11,42,84619845881.2608,84.6198458812608,0.4963374674415587
1960,Australia,AUS,AUS,8,8,6,22,18607682977.2293,18.607682977229302,1.1823073311664845
1960,Turkey,TUR,TUR,7,2,0,9,7566666666.66667,7.56666666666667,1.1894273127753299
1960,Japan,JPN,JPN,4,7,7,18,47419238274.4619,47.4192382744619,0.37959276983354834
1960,Great Britain,GBR,GBR,2,6,12,20,73233967692.1028,73.2339676921028,0.2730973157713631
1960,Denmark,DEN,DNK,2,3,1,6,6361166544.50349,6.36116654450349,0.9432232214049537
1960,New Zealand,NZL,NZL,2,0,1,3,5536098360.49526,5.53609836049526,0.5418978863178326
1960,Sweden,SWE,SWE,1,2,3,6,15930258332.069,15.930258332069,0.3766417263881701
1960,Finland,FIN,FIN,1,1,3,5,5279481824.12983,5.279481824129831,0.9470626411000297
1960,Austria,AUT,AUT,1,1,0,2,6624086313.14334,6.62408631314334,0.3019284329118194
1960,Pakistan,PAK,PAK,1,0,1,2,3749265014.69971,3.7492650146997097,0.5334378850677713
1960,Ethiopia,ETH,ETH,1,0,0,1,1610511693.84215,1.61051169384215,0.6209206700103678
1960,Greece,GRE,GRC,1,0,0,1,4274890306.82895,4.27489030682895,0.23392413096601422
1960,Norway,NOR,NOR,1,0,0,1,5197398721.41367,5.19739872141367,0.19240394158714927
1960,Switzerland,SUI,CHE,0,3,3,6,10412232620.5258,10.412232620525801,0.5762452894273706
1960,France,FRA,FRA,0,2,3,5,61756878990.3,61.7568789903,0.0809626406280236
1960,Belgium,BEL,BEL,0,2,2,4,11810619368.3874,11.8106193683874,0.33867825854302785
1960,Islamic Republic of Iran,IRI,IRN,0,1,3,4,4199134389.90099,4.19913438990099,0.9525772763120152
1960,Netherlands,NED,NLD,0,1,2,3,13282979014.563,13.282979014562999,0.22585295035932104
1960,South Africa,RSA,ZAF,0,1,2,3,8748596500.5614,8.7485965005614,0.34291214594335095
1960,Argentina,ARG,ARG,0,1,1,2,15865474315.4056,15.8654743154056,0.12605989334072237
1960,Canada,CAN,CAN,0,1,0,1,40563768946.9503,40.563768946950304,0.024652541565055502
1960,Ghana,GHA,GHA,0,1,0,1,1217230094.97205,1.21723009497205,0.8215373610385158
1960,India,IND,IND,0,1,0,1,37029883876.1839,37.0298838761839,0.027005215661590525
1960,Morocco,MAR,MAR,0,1,0,1,2037154741.93211,2.03715474193211,0.4908807266411016
1960,Portugal,POR,PRT,0,1,0,1,3339150157.85605,3.33915015785605,0.2994773977586155
1960,Singapore,SGP,SGP,0,1,0,1,704751700.302494,0.704751700302494,1.4189394641698336
1960,Brazil,BRA,BRA,0,0,2,2,17030465539.3906,17.0304655393906,0.11743660179894094
1960,Iraq,IRQ,IRQ,0,0,1,1,1537252193.09912,1.5372521930991199,0.6505113503751049
1960,Mexico,MEX,MEX,0,0,1,1,13040000000,13.04,0.07668711656441718
1960,Spain,ESP,ESP,0,0,1,1,12424514013.7604,12.424514013760401,0.08048604548173713
1960,Venezuela,VEN,VEN,0,0,1,1,7663938303.07172,7.6639383030717205,0.1304812174178383
1964,United States,USA,USA,36,26,28,90,685631590686.501,685.631590686501,0.13126583025424174
1964,Japan,JPN,JPN,16,5,8,29,87490590817.9803,87.4905908179803,0.33146421493864425
1964,Germany,GER,DEU,10,22,18,50,123330404665.086,123.330404665086,0.40541503237404575
1964,Italy,ITA,ITA,10,10,7,27,65720771779.4768,65.7207717794768,0.41082901598595534
1964,Australia,AUS,AUS,6,2,10,18,23801123808.1798,23.8011238081798,0.7562668109736016
1964,Great Britain,GBR,GBR,4,12,2,18,94407558351.1616,94.40755835116161,0.19066270025802998
1964,Finland,FIN,FIN,3,0,2,5,7848987792.54261,7.84898779254261,0.637024815448247
1964,New Zealand,NZL,NZL,3,0,2,5,7340766415.01868,7.340766415018679,0.6811277892960005
1964,Netherlands,NED,NLD,2,4,4,10,20232048552.8327,20.232048552832698,0.494265322361531
1964,Turkey,TUR,TUR,2,3,1,6,11177777777.7778,11.1777777777778,0.536779324055665
1964,Sweden,SWE,SWE,2,2,4,8,22685750575.2235,22.685750575223498,0.3526442721598681
1964,Denmark,DEN,DNK,2,1,3,6,9677401337.17309,9.67740133717309,0.6200011543339266
1964,Belgium,BEL,BEL,2,0,1,3,16168044450.2523,16.1680444502523,0.18555119694473537
1964,France,FRA,FRA,1,8,6,15,93079224076.2648,93.07922407626481,0.16115304085162652
1964,Canada,CAN,CAN,1,2,1,4,49503663836.3665,49.5036638363665,0.0808021000874184
1964,Switzerland,SUI,CHE,1,2,1,4,15833133857.6281,15.8331338576281,0.2526347617577222
1964,Ethiopia,ETH,ETH,1,0,0,1,1984129185.6,1.9841291855999998,0.5039994407912509
1964,India,IND,IND,1,0,0,1,56480289940.9899,56.4802899409899,0.01770529154586124
1964,The Bahamas,BAH,BHS,1,0,0,1,266560042.649607,0.266560042649607,3.751499999999998
1964,Republic of Korea,KOR,KOR,0,2,1,3,3459019942.79079,3.45901994279079,0.8672976882519949
1964,Trinidad and Tobago,TTO,TTO,0,1,2,3,711897520.256199,0.711897520256199,4.214089689370395
1964,Tunisia,TUN,TUN,0,1,1,2,1025866792.15686,1.02586679215686,1.949570855875984
1964,Argentina,ARG,ARG,0,1,0,1,25605249381.7597,25.605249381759702,0.03905449172123141
1964,Pakistan,PAK,PAK,0,1,0,1,5204955900.88198,5.20495590088198,0.19212458646009853
1964,Philippines,PHI,PHL,0,1,0,1,5953756194.80988,5.9537561948098805,0.16796119412342392
1964,Islamic Republic of Iran,IRI,IRN,0,0,2,2,5379845647.69637,5.37984564769637,0.371757877636581
1964,Brazil,BRA,BRA,0,0,1,1,20963733694.9749,20.9637336949749,0.04770142640381396
1964,Ghana,GHA,GHA,0,0,1,1,1731296199.52296,1.7312961995229599,0.577601914840187
1964,Ireland,IRL,IRL,0,0,1,1,2851091646.43165,2.8510916464316503,0.3507428466045885
1964,Kenya,KEN,KEN,0,0,1,1,998759334.496266,0.998759334496266,1.001242206666694
1964,Mexico,MEX,MEX,0,0,1,1,20080000000,20.08,0.04980079681274901
1964,Nigeria,NGR,NGA,0,0,1,1,5552931318.82747,5.55293131882747,0.18008506545172887
1964,Uruguay,URU,URY,0,0,1,1,1975701816.46615,1.97570181646615,0.5061492537313427
1968,United States,USA,USA,45,28,34,107,941639100803.844,941.639100803844,0.11363164497805782
1968,Japan,JPN,JPN,11,7,7,25,156897496759.128,156.897496759128,0.1593396995898569
1968,Hungary,HUN,HUN,10,10,12,32,4886222554.66355,4.886222554663551,6.549026296286542
1968,France,FRA,FRA,7,3,5,15,128427504709.055,128.427504709055,0.11679741060126975
1968,Australia,AUS,AUS,5,7,5,17,32714085234.2536,32.7140852342536,0.5196538395699961
1968,Great Britain,GBR,GBR,5,5,3,13,107759910067.889,107.75991006788901,0.12063855650779559
1968,Italy,ITA,ITA,3,4,9,16,91485448147.84,91.48544814784,0.17489120208652292
1968,Kenya,KEN,KEN,3,4,2,9,1353295458.68182,1.35329545868182,6.650432425722072
1968,Mexico,MEX,MEX,3,3,3,9,29360000000,29.36,0.30653950953678477
1968,Netherlands,NED,NLD,3,3,1,7,30097635750.982,30.097635750981997,0.2325764075927994
1968,Islamic Republic of Iran,IRI,IRN,2,1,2,5,8623172959.89439,8.62317295989439,0.5798329713731308
1968,Sweden,SWE,SWE,2,1,1,4,31278230633.5785,31.2782306335785,0.1278844716908581
1968,Turkey,TUR,TUR,2,0,0,2,17500000000,17.5,0.11428571428571428
1968,Denmark,DEN,DNK,1,4,3,8,13505574133.3333,13.5055741333333,0.5923480128293906
1968,Canada,CAN,CAN,1,3,1,5,72048833006.1602,72.04883300616021,0.06939737663165894
1968,Finland,FIN,FIN,1,2,1,4,8916565040.54632,8.91656504054632,0.44860324371669913
1968,Ethiopia,ETH,ETH,1,1,0,2,2619948864.8,2.6199488648,0.7633736775823198
1968,Norway,NOR,NOR,1,1,0,2,10227087165.2414,10.2270871652414,0.19555910374924354
1968,New Zealand,NZL,NZL,1,0,2,3,5228045415.27318,5.22804541527318,0.5738282210089105
1968,Tunisia,TUN,TUN,1,0,1,2,1214666666.66667,1.2146666666666701,1.6465422612513674
1968,Pakistan,PAK,PAK,1,0,0,1,8041999160.0168,8.0419991600168,0.12434719030708166
1968,Venezuela,VEN,VEN,1,0,0,1,10034444444.4444,10.0344444444444,0.09965673790277976
1968,Austria,AUT,AUT,0,2,2,4,12499863917.1003,12.4998639171003,0.32000348376015875
1968,Switzerland,SUI,CHE,0,1,4,5,20712102793.8026,20.7121027938026,0.24140475014908103
1968,Brazil,BRA,BRA,0,1,2,3,33930457425.2613,33.9304574252613,0.08841613781977761
1968,Belgium,BEL,BEL,0,1,1,2,21654856965.4281,21.6548569654281,0.09235803326676287
1968,Republic of Korea,KOR,KOR,0,1,1,2,6119394892.37109,6.11939489237109,0.326829700513911
1968,Uganda,UGA,UGA,0,1,1,2,1037379252.41495,1.03737925241495,1.9279352226720678
1968,Cameroon,CMR,CMR,0,1,0,1,1046191217.79942,1.04619121779942,0.9558482072745942
1968,Jamaica,JAM,JAM,0,1,0,1,1083839132.92869,1.08383913292869,0.9226461470327755
1968,Argentina,ARG,ARG,0,0,2,2,26436857247.4982,26.4368572474982,0.0756519574651509
1968,Greece,GRE,GRC,0,0,1,1,9950331205.83108,9.950331205831079,0.10049916724520501
1968,India,IND,IND,0,0,1,1,53085455870.6667,53.0854558706667,0.018837551333011487
1972,United States,USA,USA,33,31,30,94,1279110000000,1279.11,0.07348859754047737
1972,Japan,JPN,JPN,13,8,8,29,324933841268.585,324.933841268585,0.08924893721989724
1972,Australia,AUS,AUS,8,7,2,17,52042056074.7664,52.0420560747664,0.3266588847984194
1972,Hungary,HUN,HUN,6,13,16,35,7379313742.13684,7.37931374213684,4.742988470614206
1972,Italy,ITA,ITA,5,3,10,18,145594833997.344,145.59483399734398,0.12363076014309934
1972,Sweden,SWE,SWE,4,6,6,16,48883734671.5941,48.8837346715941,0.3273072343487998
1972,Great Britain,GBR,GBR,4,5,9,18,169965034965.035,169.96503496503502,0.105904134951656
1972,Cuba,CUB,CUB,3,1,4,8,8135150891.92025,8.135150891920249,0.9833867996161596
1972,Finland,FIN,FIN,3,1,4,8,14744499569.8308,14.744499569830799,0.5425752133608563
1972,Netherlands,NED,NLD,3,1,1,5,54787070173.0294,54.787070173029406,0.09126240888970553
1972,France,FRA,FRA,2,4,7,13,201621751625.488,201.621751625488,0.0644771702219286
1972,Kenya,KEN,KEN,2,3,4,9,2107279157.08834,2.1072791570883402,4.270910178049422
1972,Norway,NOR,NOR,2,1,1,4,17358610849.701,17.358610849701,0.23043318584844588
1972,New Zealand,NZL,NZL,1,1,1,3,9567331064.65727,9.567331064657271,0.3135670731707316
1972,Uganda,UGA,UGA,1,1,0,2,1490970180.59639,1.49097018059639,1.3414084507042237
1972,Denmark,DEN,DNK,1,0,0,1,23230667549.2496,23.2306675492496,0.04304654603144636
1972,Switzerland,SUI,CHE,0,3,0,3,36844318854.2403,36.844318854240306,0.08142367923446463
1972,Canada,CAN,CAN,0,2,3,5,113463848873.624,113.46384887362399,0.044066899277927715
1972,Islamic Republic of Iran,IRI,IRN,0,2,1,3,17153463263.1023,17.1534632631023,0.17489179613385158
1972,Belgium,BEL,BEL,0,2,0,2,37209418018.5134,37.2094180185134,0.053749832878463945
1972,Greece,GRE,GRC,0,2,0,2,16650659090.9091,16.650659090909098,0.12011536534862798
1972,Austria,AUT,AUT,0,1,2,3,21973207929.0434,21.9732079290434,0.13652990540515056
1972,Colombia,COL,COL,0,1,2,3,8671358732.68486,8.67135873268486,0.3459665425548746
1972,Argentina,ARG,ARG,0,1,0,1,34733000536.2862,34.7330005362862,0.028791062809424766
1972,Mexico,MEX,MEX,0,1,0,1,45200000000,45.2,0.022123893805309734
1972,Pakistan,PAK,PAK,0,1,0,1,9415016359.56604,9.41501635956604,0.10621330455617947
1972,Republic of Korea,KOR,KOR,0,1,0,1,10862211760.8252,10.862211760825199,0.09206228179112855
1972,Tunisia,TUN,TUN,0,1,0,1,2237556148.51085,2.23755614851085,0.4469161592505847
1972,Turkey,TUR,TUR,0,1,0,1,20650000000,20.65,0.04842615012106538
1972,Brazil,BRA,BRA,0,0,2,2,58434858374.8696,58.4348583748696,0.03422614609878334
1972,Ethiopia,ETH,ETH,0,0,2,2,3520252938.26087,3.52025293826087,0.5681409930128688
1972,Ghana,GHA,GHA,0,0,1,1,2112293279.98507,2.11229327998507,0.47341910778936347
1972,India,IND,IND,0,0,1,1,71464700666.9869,71.46470066698689,0.013992922249262983
1972,Jamaica,JAM,JAM,0,0,1,1,1875146587.4443,1.8751465874442999,0.5332916406087129
1972,Niger,NIG,NER,0,0,1,1,742779660.818693,0.7427796608186931,1.3462942683403558
1972,Nigeria,NGR,NGA,0,0,1,1,12274416017.7976,12.2744160177976,0.08147027105403831
1972,Spain,ESP,ESP,0,0,1,1,59090176028.993,59.090176028993,0.016923286867673963
1976,United States,USA,USA,34,35,25,94,1873412000000,1873.412,0.05017582891536939
1976,Japan,JPN,JPN,9,6,10,25,598883902155.605,598.883902155605,0.04174431790538323
1976,Cuba,CUB,CUB,6,4,3,13,13789579902.5579,13.7895799025579,0.9427408298050155
1976,Hungary,HUN,HUN,4,5,13,22,13235612078.8396,13.2356120788396,1.662182290396108
1976,Finland,FIN,FIN,4,2,0,6,31852352669.6415,31.852352669641498,0.18836913122962515
1976,Sweden,SWE,SWE,4,1,0,5,89233541403.6135,89.2335414036135,0.056032741963971025
1976,Great Britain,GBR,GBR,3,5,5,13,232614555256.065,232.614555256065,0.05588644264194662
1976,Italy,ITA,ITA,2,7,4,13,225235205861.828,225.235205861828,0.05771744230773112
1976,France,FRA,FRA,2,3,4,9,368488292816.171,368.488292816171,0.024424113806214898
1976,New Zealand,NZL,NZL,2,1,1,4,13604832424.0062,13.6048324240062,0.2940131767401898
1976,Republic of Korea,KOR,KOR,1,1,4,6,29902479338.843,29.902479338842998,0.20065225802885397
1976,Switzerland,SUI,CHE,1,1,2,4,68476524643.943,68.476524643943,0.05841417946951569
1976,Jamaica,JAM,JAM,1,1,0,2,2966042856.04286,2.96604285604286,0.6742990904279434
1976,Norway,NOR,NOR,1,1,0,2,35942270686.3374,35.9422706863374,0.055644787093550335
1976,Denmark,DEN,DNK,1,0,2,3,44503607444.1687,44.5036074441687,0.06741026564562441
1976,Mexico,MEX,MEX,1,0,1,2,88875923765.072,88.875923765072,0.022503282275711148
1976,Trinidad and Tobago,TTO,TTO,1,0,0,1,2500424955.23006,2.50042495523006,0.39993201871879075
1976,Canada,CAN,CAN,0,5,6,11,207271612576.065,207.271612576065,0.05307046084742162
1976,Belgium,BEL,BEL,0,3,3,6,71113882967.6071,71.1138829676071,0.08437171125549486
1976,Netherlands,NED,NLD,0,2,3,5,109329386564.427,109.329386564427,0.04573335822252636
1976,Portugal,POR,PRT,0,2,0,2,20332831564.9867,20.332831564986698,0.09836308305646993
1976,Spain,ESP,ESP,0,2,0,2,118422534195.474,118.422534195474,0.01688867759491367
1976,Australia,AUS,AUS,0,1,4,5,105060616984.856,105.060616984856,0.04759157278431676
1976,Islamic Republic of Iran,IRI,IRN,0,1,1,2,68055295080.7542,68.0552950807542,0.02938786758071956
1976,Venezuela,VEN,VEN,0,1,0,1,31419534883.7209,31.419534883720903,0.031827333017527264
1976,Brazil,BRA,BRA,0,0,2,2,153168949208.207,153.168949208207,0.013057476794995452
1976,Austria,AUT,AUT,0,0,1,1,42791707448.0325,42.791707448032504,0.023369013756098168
1976,Bermuda,BER,BMU,0,0,1,1,386300000,0.3863,2.588661661920787
1976,Pakistan,PAK,PAK,0,0,1,1,13168080808.0808,13.168080808080799,0.07594121076370783
1976,Puerto Rico,PUR,PRI,0,0,1,1,8968600000,8.9686,0.11150012265013491
1976,Thailand,THA,THA,0,0,1,1,16985208648.2112,16.985208648211202,0.058874755130271246
1980,Bulgaria,BUL,BGR,8,16,17,41,19839230769.2308,19.839230769230802,2.0666123841650155
1980,Cuba,CUB,CUB,8,7,5,20,19912889861.1111,19.9128898611111,1.0043745603725265
1980,Italy,ITA,ITA,8,3,4,15,478356755595.749,478.356755595749,0.03135734956082911
1980,Hungary,HUN,HUN,7,10,15,32,23116977148.0216,23.116977148021597,1.3842640322347954
1980,France,FRA,FRA,6,5,3,14,694529183483.39,694.52918348339006,0.020157540291947742
1980,Great Britain,GBR,GBR,5,7,9,21,564947710899.373,564.9477108993731,0.037171581714295084
1980,Sweden,SWE,SWE,3,3,6,12,141887695763.193,141.887695763193,0.08457392965227724
1980,Finland,FIN,FIN,3,1,4,8,53649984061.205,53.649984061205004,0.1491146761734996
1980,Australia,AUS,AUS,2,2,5,9,149987743732.591,149.987743732591,0.06000490290757257
1980,Denmark,DEN,DNK,2,1,2,5,70811287815.6106,70.8112878156106,0.07061021136940447
1980,Brazil,BRA,BRA,2,0,2,4,237393489892.637,237.393489892637,0.016849661723280743
1980,Ethiopia,ETH,ETH,2,0,2,4,7012585454.10628,7.01258545410628,0.57040303126114
1980,Switzerland,SUI,CHE,2,0,0,2,122557843886.137,122.557843886137,0.016318824944881623
1980,Spain,ESP,ESP,1,3,2,6,232600556973.776,232.600556973776,0.025795295067485395
1980,Austria,AUT,AUT,1,2,1,4,81737498404.5948,81.7374984045948,0.04893714730784009
1980,Greece,GRE,GRC,1,0,2,3,56039256594.7242,56.0392565947242,0.05353390073847686
1980,Belgium,BEL,BEL,1,0,0,1,126829314388.191,126.829314388191,0.007884612518989611
1980,India,IND,IND,1,0,0,1,186328579302.068,186.328579302068,0.005366863224877824
1980,Zimbabwe,ZIM,ZWE,1,0,0,1,6678868737.77157,6.6788687377715705,0.14972595498764865
1980,Mongolia,MGL,MNG,0,2,2,4,2101394100,2.1013941,1.9034982538496708
1980,United Republic of Tanzania,TAN,TZA,0,2,0,2,11409228086.7463,11.4092280867463,0.17529669709411191
1980,Mexico,MEX,MEX,0,1,3,4,205577055465.993,205.577055465993,0.019457424326527962
1980,Netherlands,NED,NLD,0,1,2,3,195439301706.939,195.439301706939,0.015350034377929247
1980,Ireland,IRL,IRL,0,1,1,2,21747855640.0712,21.7478556400712,0.09196308974549787
1980,Uganda,UGA,UGA,0,1,0,1,1244610000,1.24461,0.8034645390925671
1980,Venezuela,VEN,VEN,0,1,0,1,59116511627.907,59.116511627906995,0.016915747774398995
1980,Jamaica,JAM,JAM,0,0,3,3,2679379371.51261,2.67937937151261,1.119662273993842
1980,Guyana,GUY,GUY,0,0,1,1,603200000,0.6032,1.6578249336870028
1984,United States,USA,USA,83,61,30,174,4037613000000,4037.613,0.04309476911234435
1984,People's Republic of China,CHN,CHN,15,8,9,32,260442857142.857,260.442857142857,0.12286764302561577
1984,Italy,ITA,ITA,14,6,12,32,438896930791.272,438.896930791272,0.07291005645063026
1984,Canada,CAN,CAN,10,18,16,44,356718400123.543,356.718400123543,0.12334659491846059
1984,Japan,JPN,JPN,10,8,14,32,1345824500836.76,1345.82450083676,0.0237772458296785
1984,New Zealand,NZL,NZL,8,1,2,11,21665975318.8842,21.6659753188842,0.50770850783774
1984,Republic of Korea,KOR,KOR,6,6,7,19,97510744119.1162,97.5107441191162,0.19485032312736913
1984,Great Britain,GBR,GBR,5,11,21,37,461487097632.349,461.487097632349,0.08017558928478784
1984,France,FRA,FRA,5,7,16,28,525033325827.516,525.033325827516,0.05332994806733194
1984,Netherlands,NED,NLD,5,2,6,13,144124462912.088,144.124462912088,0.09019981575181756
1984,Australia,AUS,AUS,4,8,12,24,193525337525.765,193.52533752576502,0.12401476885064085
1984,Finland,FIN,FIN,4,2,6,12,52870993272.6553,52.8709932726553,0.2269675536095207
1984,Sweden,SWE,SWE,2,11,6,19,109044297250.901,109.044297250901,0.17424111557418479
1984,Mexico,MEX,MEX,2,3,1,6,184230754105.394,184.230754105394,0.032567852360673416
1984,Morocco,MAR,MAR,2,0,0,2,14824667954.3674,14.8246679543674,0.13491027294211963
1984,Brazil,BRA,BRA,1,5,2,8,188339974086.58,188.33997408657999,0.0424763783620486
1984,Spain,ESP,ESP,1,2,2,5,171979977230.387,171.979977230387,0.029073151889664015
1984,Belgium,BEL,BEL,1,1,2,4,83349530159.1734,83.3495301591734,0.04799067244123826
1984,Austria,AUT,AUT,1,1,1,3,67719055773.3306,67.7190557733306,0.044300676755470544
1984,Kenya,KEN,KEN,1,0,2,3,6191437070.18411,6.19143707018411,0.484540174759588
1984,Portugal,POR,PRT,1,0,2,3,25217969049.5755,25.2179690495755,0.11896279173403536
1984,Pakistan,PAK,PAK,1,0,0,1,31151825467.4978,31.151825467497797,0.032100847542412825
1984,Switzerland,SUI,CHE,0,4,4,8,109455312167.511,109.455312167511,0.07308918901767653
1984,Denmark,DEN,DNK,0,3,3,6,58868891334.9941,58.8688913349941,0.1019214030353813
1984,Jamaica,JAM,JAM,0,1,2,3,2373564549.4932,2.3735645494932,1.2639218093481197
1984,Norway,NOR,NOR,0,1,2,3,62057955032.7758,62.0579550327758,0.048341908759570874
1984,Greece,GRE,GRC,0,1,1,2,47352146311.971,47.352146311971,0.042236733828776504
1984,Nigeria,NGR,NGA,0,1,1,2,73484359521.4887,73.4843595214887,0.02721667594333661
1984,Puerto Rico,PUR,PRI,0,1,1,2,19162600000,19.1626,0.10436997067203824
1984,Colombia,COL,COL,0,1,0,1,38253120737.9671,38.2531207379671,0.026141658006152608
1984,Cote d'Ivoire,CIV,CIV,0,1,0,1,6841639246.8996,6.8416392468996,0.1461638013803733
1984,Egypt,EGY,EGY,0,1,0,1,33971188991.6147,33.9711889916147,0.029436708860759497
1984,Ireland,IRL,IRL,0,1,0,1,20106648454.8404,20.1066484548404,0.04973479305842559
1984,Peru,PER,PER,0,1,0,1,17600400384.5073,17.600400384507303,0.05681688928396463
1984,Syrian Arab Republic,SYR,SYR,0,1,0,1,17503078174.0039,17.5030781740039,0.05713280773008431
1984,Thailand,THA,THA,0,1,0,1,41797647775.6238,41.7976477756238,0.023924791303284666
1984,Turkey,TUR,TUR,0,0,3,3,59937602179.8365,59.9376021798365,0.05005205231598712
1984,Venezuela,VEN,VEN,0,0,3,3,59867743467.9335,59.8677434679335,0.05011045725494676
1984,Algeria,ALG,DZA,0,0,2,2,53698548293.0745,53.6985482930745,0.03724495472548817
1984,Cameroon,CMR,CMR,0,0,1,1,7311938026.36713,7.31193802636713,0.13676264711133512
1984,Dominican Republic,DOM,DOM,0,0,1,1,11594000000,11.594,0.08625150940141453
1984,Iceland,ISL,ISL,0,0,1,1,2864441387.40507,2.86444138740507,0.3491082081124066
1984,Zambia,ZAM,ZMB,0,0,1,1,2719518932.99541,2.71951893299541,0.3677120934394641
1988,United States,USA,USA,36,31,27,94,5236438000000,5236.438,0.017951133957854557
1988,Republic of Korea,KOR,KOR,12,10,11,33,199591287824.777,199.591287824777,0.1653378780188592
1988,Hungary,HUN,HUN,11,6,6,23,29799838597.4079,29.799838597407902,0.7718162608437961
1988,Bulgaria,BUL,BGR,10,12,13,35,22555941176.4706,22.5559411764706,1.5516976093425228
1988,Romania,ROU,ROU,7,11,6,24,40424528301.8868,40.4245283018868,0.5936989498249707
1988,France,FRA,FRA,6,4,6,16,1010827662151.75,1010.82766215175,0.015828613124754403
1988,Italy,ITA,ITA,6,4,4,14,893663934840.821,893.6639348408211,0.01566584423314976
1988,People's Republic of China,CHN,CHN,5,11,12,28,312888888888.889,312.88888888888897,0.08948863636363634
1988,Great Britain,GBR,GBR,5,10,9,24,910122732123.799,910.122732123799,0.026370069830027508
1988,Kenya,KEN,KEN,5,2,2,9,8355380879.12955,8.35538087912955,1.0771501778549208
1988,Japan,JPN,JPN,4,3,7,14,3125724434400.79,3125.72443440079,0.004478961691542664
1988,Australia,AUS,AUS,3,6,5,14,236161314544.153,236.16131454415302,0.059281512838050124
1988,New Zealand,NZL,NZL,3,2,8,13,45176811594.2029,45.1768115942029,0.2877582445784678
1988,Canada,CAN,CAN,3,2,5,10,509380027626.554,509.380027626554,0.019631708071859037
1988,Norway,NOR,NOR,2,3,0,5,101900260856.222,101.900260856222,0.049067587835273936
1988,Netherlands,NED,NLD,2,2,5,9,262295966105.474,262.295966105474,0.034312384340599945
1988,Denmark,DEN,DNK,2,1,1,4,115540189705.118,115.540189705118,0.03461998816350234
1988,Brazil,BRA,BRA,1,2,3,6,307881930752.268,307.88193075226803,0.01948799004001244
1988,Finland,FIN,FIN,1,1,2,4,109039090262.971,109.03909026297099,0.036684091827556047
1988,Spain,ESP,ESP,1,1,2,4,375891716897.586,375.891716897586,0.010641362446115897
1988,Turkey,TUR,TUR,1,1,0,2,90875175808.7201,90.87517580872009,0.02200821051735546
1988,Morocco,MAR,MAR,1,0,2,3,25705296183.5037,25.7052961835037,0.11670746676419318
1988,Austria,AUT,AUT,1,0,0,1,132817124707.456,132.817124707456,0.007529149589728038
1988,Portugal,POR,PRT,1,0,0,1,56347250696.3788,56.3472506963788,0.01774709480305249
1988,Suriname,SUR,SUR,1,0,0,1,1161000000,1.161,0.8613264427217915
1988,Sweden,SWE,SWE,0,4,7,11,206688963474.344,206.688963474344,0.053220064657034355
1988,Switzerland,SUI,CHE,0,2,2,4,215540625298.982,215.540625298982,0.01855798643272699
1988,Jamaica,JAM,JAM,0,2,0,2,3828342820.3494,3.8283428203494,0.5224192539312523
1988,Argentina,ARG,ARG,0,1,1,2,126890235049.092,126.890235049092,0.01576165415113487
1988,Chile,CHI,CHL,0,1,0,1,26174858613.8456,26.1748586138456,0.038204599870160685
1988,Costa Rica,CRC,CRI,0,1,0,1,4614629898.40348,4.6146298984034795,0.2167021022305536
1988,Indonesia,INA,IDN,0,1,0,1,84300174485.7973,84.3001744857973,0.011862371651063162
1988,Islamic Republic of Iran,IRI,IRN,0,1,0,1,123057861333.91,123.05786133391,0.008126258567801378
1988,Peru,PER,PER,0,1,0,1,15439408447.2,15.4394084472,0.06476932088556503
1988,Senegal,SEN,SEN,0,1,0,1,6418419388.63499,6.41841938863499,0.15580159840765262
1988,Belgium,BEL,BEL,0,0,2,2,162299103675.261,162.299103675261,0.012322926958375167
1988,Mexico,MEX,MEX,0,0,2,2,181611150496.787,181.611150496787,0.011012539673522873
1988,Colombia,COL,COL,0,0,1,1,39212550050.4223,39.2125500504223,0.025502039492818714
1988,Djibouti,DJI,DJI,0,0,1,1,395794538.630775,0.39579453863077496,2.5265634120658507
1988,Greece,GRE,GRC,0,0,1,1,75200610136.9205,75.2006101369205,0.013297764448709438
1988,Mongolia,MGL,MNG,0,0,1,1,3204461566.66667,3.20446156666667,0.31206490675443344
1988,Pakistan,PAK,PAK,0,0,1,1,38472742808.3167,38.4727428083167,0.02599242806738044
1988,Philippines,PHI,PHL,0,0,1,1,43152128958.6116,43.152128958611605,0.023173827668134927
1988,Thailand,THA,THA,0,0,1,1,61667253471.3736,61.6672534713736,0.016216061908192612
1992,United States,USA,USA,37,34,37,108,6520327000000,6520.327,0.01656358645816383
1992,Germany,GER,DEU,33,21,28,82,2141377582968.07,2141.37758296807,0.03829310657410702
1992,People's Republic of China,CHN,CHN,16,22,16,54,428502354788.069,428.50235478806894,0.12602031096587
1992,Cuba,CUB,CUB,14,6,11,31,22085858243.2432,22.085858243243198,1.403613102039353
1992,Spain,ESP,ESP,13,7,2,22,630465353486.104,630.465353486104,0.03489485961179768
1992,Republic of Korea,KOR,KOR,12,5,12,29,355524903068.056,355.524903068056,0.08156953211924146
1992,Hungary,HUN,HUN,11,12,7,30,38857339124.9084,38.8573391249084,0.772054923873296
1992,France,FRA,FRA,8,5,16,29,1389663073110.28,1389.66307311028,0.020868367708075836
1992,Australia,AUS,AUS,7,9,11,27,325525379566.838,325.525379566838,0.08294284161784156
1992,Canada,CAN,CAN,7,4,7,18,594387358318.855,594.387358318855,0.030283282018161668
1992,Italy,ITA,ITA,6,5,8,19,1323204350353.5,1323.2043503535,0.014359082174211462
1992,Great Britain,GBR,GBR,5,3,12,20,1179659529659.53,1179.65952965953,0.016954044363777013
1992,Romania,ROU,ROU,4,6,8,18,25121666666.6667,25.121666666666698,0.7165129702116358
1992,Japan,JPN,JPN,3,8,11,22,3980702922117.66,3980.7029221176604,0.005526662107278381
1992,Bulgaria,BUL,BGR,3,7,6,16,8602887622.63828,8.602887622638281,1.8598406374501981
1992,Poland,POL,POL,3,6,10,19,94337050693.2727,94.3370506932727,0.20140549084766876
1992,Netherlands,NED,NLD,2,6,7,15,363497050125.313,363.49705012531297,0.04126580943319584
1992,Kenya,KEN,KEN,2,4,2,8,8209120763.04955,8.20912076304955,0.9745258025694016
1992,Norway,NOR,NOR,2,4,1,7,130838040067.584,130.838040067584,0.05350126000346819
1992,Turkey,TUR,TUR,2,2,2,6,159104772991.851,159.104772991851,0.03771099940733586
1992,Indonesia,INA,IDN,2,2,1,5,128026966579.964,128.026966579964,0.03905427218629806
1992,Brazil,BRA,BRA,2,1,0,3,328191909882.232,328.191909882232,0.009140993149637712
1992,Greece,GRE,GRC,2,0,0,2,114608178405.434,114.608178405434,0.01745076161078896
1992,Sweden,SWE,SWE,1,7,4,12,283912173666.678,283.912173666678,0.042266591971108596
1992,New Zealand,NZL,NZL,1,4,5,10,41649829859.6342,41.6498298596342,0.24009701921235715
1992,Finland,FIN,FIN,1,2,2,5,112537828510.751,112.53782851075101,0.04442950487108731
1992,Denmark,DEN,DNK,1,1,4,6,152966494259.538,152.966494259538,0.0392242760680637
1992,Morocco,MAR,MAR,1,1,1,3,33711069430.78,33.71106943078,0.08899154048375696
1992,Ireland,IRL,IRL,1,1,0,2,55918538121.3989,55.9185381213989,0.0357663141274904
1992,Ethiopia,ETH,ETH,1,0,2,3,10754799036.5745,10.754799036574498,0.27894524014793004
1992,Algeria,ALG,DZA,1,0,1,2,48003133346.9957,48.003133346995696,0.04166394692493904
1992,Switzerland,SUI,CHE,1,0,0,1,279921425828.474,279.921425828474,0.003572431074328568
1992,Jamaica,JAM,JAM,0,3,1,4,3535460089.80719,3.5354600898071897,1.1313944715518325
1992,Nigeria,NGR,NGA,0,3,1,4,52058181853.8055,52.05818185380549,0.07683710528410621
1992,Austria,AUT,AUT,0,2,0,2,194314032056.098,194.314032056098,0.010292617464819034
1992,Namibia,NAM,NAM,0,2,0,2,3429521699.4026,3.4295216994025997,0.5831717001086149
1992,South Africa,RSA,ZAF,0,2,0,2,146956150986.636,146.95615098663598,0.013609501790652354
1992,Belgium,BEL,BEL,0,1,2,3,234781652446.675,234.781652446675,0.012777829820758152
1992,Croatia,CRO,HRV,0,1,2,3,10621169290.9986,10.6211692909986,0.2824547766640429
1992,Islamic Republic of Iran,IRI,IRN,0,1,2,3,119768691216.667,119.76869121666701,0.025048282397716642
1992,Israel,ISR,ISR,0,1,1,2,79457685757.166,79.457685757166,0.02517062988862128
1992,Mexico,MEX,MEX,0,1,0,1,363157832923.734,363.157832923734,0.002753623657100101
1992,Peru,PER,PER,0,1,0,1,35966302303.263,35.966302303263,0.02780380344824261
1992,Mongolia,MGL,MNG,0,0,2,2,1317611863.84977,1.31761186384977,1.5178976866195202
1992,Slovenia,SLO,SVN,0,0,2,2,14277261540.7456,14.2772615407456,0.14008288594365514
1992,Argentina,ARG,ARG,0,0,1,1,228778917308.17,228.77891730817,0.004371032137777709
1992,Colombia,COL,COL,0,0,1,1,58394443377.5416,58.394443377541606,0.01712491706675978
1992,Ghana,GHA,GHA,0,0,1,1,6416103925.83267,6.416103925832671,0.15585782455514416
1992,Malaysia,MAS,MYS,0,0,1,1,59167550162.956,59.167550162956005,0.016901156077036402
1992,Pakistan,PAK,PAK,0,0,1,1,48884671947.4657,48.8846719474657,0.02045630992624146
1992,Philippines,PHI,PHL,0,0,1,1,60422328242.1803,60.4223282421803,0.016550173240459622
1992,Puerto Rico,PUR,PRI,0,0,1,1,34630430000,34.63043,0.02887633794902345
1992,Qatar,QAT,QAT,0,0,1,1,7646153983.51648,7.646153983516481,0.13078470589995864
1992,Suriname,SUR,SUR,0,0,1,1,404600000,0.4046,2.4715768660405337
1992,Thailand,THA,THA,0,0,1,1,111452746517.655,111.452746517655,0.008972412356312746
1992,The Bahamas,BAH,BHS,0,0,1,1,3109000000,3.109,0.32164683177870695
1996,United States,USA,USA,44,32,25,101,8073122000000,8073.122,0.012510649535582393
1996,Russian Federation,RUS,RUS,26,21,16,63,391724890744.498,391.724890744498,0.1608271557119194
1996,Germany,GER,DEU,20,18,27,65,2506576553158.31,2506.57655315831,0.02593178329945654
1996,People's Republic of China,CHN,CHN,16,22,12,50,868523936530.083,868.523936530083,0.057568937247440104
1996,France,FRA,FRA,15,7,15,37,1598889216566.23,1598.88921656623,0.023141065445085117
1996,Italy,ITA,ITA,13,10,12,35,1314776508972.27,1314.77650897227,0.026620493871889056
1996,Australia,AUS,AUS,9,9,23,41,401341880620.728,401.34188062072803,0.10215729277141002
1996,Cuba,CUB,CUB,9,8,8,25,25017368700,25.0173687,0.9993057343396791
1996,Ukraine,UKR,UKR,9,2,12,23,44558831005.0621,44.5588310050621,0.5161715305634271
1996,Republic of Korea,KOR,KOR,7,15,5,27,610167053824.007,610.167053824007,0.044250176784844435
1996,Poland,POL,POL,7,5,5,17,160813026223.063,160.813026223063,0.10571282936010035
1996,Hungary,HUN,HUN,7,4,10,21,46833767123.6915,46.833767123691494,0.44839442329158413
1996,Spain,ESP,ESP,5,6,6,17,642251412058.321,642.2514120583211,0.026469385167278196
1996,Romania,ROU,ROU,4,7,9,20,36937074278.3004,36.9370742783004,0.5414614013365291
1996,Netherlands,NED,NLD,4,5,10,19,451372549019.608,451.37254901960796,0.042093831450912236
1996,Greece,GRE,GRC,4,4,0,8,142502984144.96,142.50298414495998,0.05613917524605706
1996,Czechia,CZE,CZE,4,3,4,11,67804105329.8557,67.8041053298557,0.16223206465872278
1996,Switzerland,SUI,CHE,4,3,0,7,340103959546.926,340.10395954692603,0.020581942090074877
1996,Denmark,DEN,DNK,4,1,1,6,187481157845.724,187.481157845724,0.03200321605084885
1996,Turkey,TUR,TUR,4,1,1,6,181464408820.097,181.464408820097,0.033064334979033674
1996,Canada,CAN,CAN,3,11,8,22,630607994132.747,630.607994132747,0.03488696655400924
1996,Bulgaria,BUL,BGR,3,7,5,15,12294964837.6235,12.294964837623501,1.2200116224894675
1996,Japan,JPN,JPN,3,6,5,14,4923391533851.63,4923.39153385163,0.0028435682808772324
1996,Kazakhstan,KAZ,KAZ,3,4,4,11,21035357936.8796,21.0353579368796,0.5229290622487857
1996,Brazil,BRA,BRA,3,3,9,15,850426432991.742,850.426432991742,0.017638209982762443
1996,New Zealand,NZL,NZL,3,2,1,6,70140835299.0148,70.1408352990148,0.0855421805916856
1996,South Africa,RSA,ZAF,3,1,1,5,163234925380.563,163.234925380563,0.03063069982323384
1996,Ireland,IRL,IRL,3,0,1,4,75790785030.2419,75.79078503024189,0.05277686460700899
1996,Sweden,SWE,SWE,2,4,2,8,291952430659.111,291.95243065911103,0.02740172425329435
1996,Norway,NOR,NOR,2,2,3,7,163520109150.671,163.52010915067098,0.042808190603334594
1996,Belgium,BEL,BEL,2,2,2,6,279201433224.756,279.201433224756,0.02148986103223197
1996,Nigeria,NGR,NGA,2,1,3,6,185730236700,185.7302367,0.03230491764080113
1996,Algeria,ALG,DZA,2,0,1,3,46941554225.3581,46.941554225358104,0.0639092601322387
1996,Ethiopia,ETH,ETH,2,0,1,3,8761215548.48614,8.76121554848614,0.34241823904428115
1996,Great Britain,GBR,GBR,1,8,6,15,1419645865834.63,1419.6458658346298,0.010566015342975191
1996,Belarus,BLR,BLR,1,6,8,15,14756846153.8462,14.756846153846201,1.0164773586184215
1996,Kenya,KEN,KEN,1,4,3,8,12045865396.1323,12.0458653961323,0.6641282910706149
1996,Jamaica,JAM,JAM,1,3,2,6,7393891920.80358,7.39389192080358,0.8114806199855719
1996,Finland,FIN,FIN,1,2,1,4,131991975148.848,131.991975148848,0.03030487266736618
1996,Indonesia,INA,IDN,1,1,2,4,227369679374.973,227.369679374973,0.017592495230656015
1996,Islamic Republic of Iran,IRI,IRN,1,1,1,3,120403931883.348,120.40393188334801,0.024916129839567997
1996,Slovakia,SVK,SVK,1,1,1,3,28197790874.5247,28.1977908745247,0.10639131318298947
1996,Armenia,ARM,ARM,1,1,0,2,1596968946.23708,1.5969689462370802,1.2523725052466281
1996,Croatia,CRO,HRV,1,1,0,2,24150978346.5253,24.1509783465253,0.08281238015716859
1996,Portugal,POR,PRT,1,0,1,2,122630089680.27,122.63008968027,0.01630921093847802
1996,Thailand,THA,THA,1,0,1,2,183035237429.281,183.035237429281,0.01092685773564632
1996,Burundi,BDI,BDI,1,0,0,1,869033856.317093,0.8690338563170931,1.150703154694033
1996,Costa Rica,CRC,CRI,1,0,0,1,11678424507.2457,11.678424507245701,0.08562798855098692
1996,Ecuador,ECU,ECU,1,0,0,1,25226393196.5983,25.226393196598302,0.039641021695279326
1996,"Hong Kong, China",HKG,HKG,1,0,0,1,159718183550.734,159.718183550734,0.006261027879035157
1996,Syrian Arab Republic,SYR,SYR,1,0,0,1,13789560878.2435,13.789560878243499,0.07251862541741641
1996,Argentina,ARG,ARG,0,2,1,3,272149750000,272.14975,0.011023342847090618
1996,Namibia,NAM,NAM,0,2,0,2,3989163196.56767,3.9891631965676697,0.5013582802831499
1996,Slovenia,SLO,SVN,0,2,0,2,21470699362.6062,21.4706993626062,0.09315020280537484
1996,Austria,AUT,AUT,0,1,2,3,235952581232.129,235.952581232129,0.012714419076639024
1996,Malaysia,MAS,MYS,0,1,1,2,100855393910.486,100.85539391048599,0.01983037220374248
1996,Republic of Moldova,MDA,MDA,0,1,1,2,1695122173.91304,1.69512217391304,1.1798559601065075
1996,Uzbekistan,UZB,UZB,0,1,1,2,13948892215.5689,13.948892215568899,0.14338056163110377
1996,Azerbaijan,AZE,AZE,0,1,0,1,3176507376.31836,3.17650737631836,0.3148111688501795
1996,Latvia,LAT,LVA,0,1,0,1,5799465288.41246,5.799465288412461,0.17242968968157044
1996,Philippines,PHI,PHL,0,1,0,1,94648084429.0341,94.6480844290341,0.010565454187821276
1996,The Bahamas,BAH,BHS,0,1,0,1,3609000000,3.609,0.2770850651149903
1996,Tonga,TGA,TON,0,1,0,1,222100576.345483,0.222100576345483,4.502464678184693
1996,Zambia,ZAM,ZMB,0,1,0,1,3597220962.00017,3.5972209620001703,0.2779923753819026
1996,Georgia,GEO,GEO,0,0,2,2,3094936177.1918,3.0949361771918,0.6462168799276198
1996,Morocco,MAR,MAR,0,0,2,2,43161571527.6353,43.1615715276353,0.04633751573942225
1996,Trinidad and Tobago,TTO,TTO,0,0,2,2,5759570336.11287,5.75957033611287,0.3472481249963862
1996,India,IND,IND,0,0,1,1,392896866204.516,392.896866204516,0.002545197190449125
1996,Israel,ISR,ISR,0,0,1,1,115116595544.694,115.116595544694,0.008686844805202307
1996,Lithuania,LTU,LTU,0,0,1,1,8430207164.43677,8.430207164436771,0.1186210469676887
1996,Mexico,MEX,MEX,0,0,1,1,432157945024.428,432.157945024428,0.002313968796624749
1996,Mongolia,MGL,MNG,0,0,1,1,1345719472.35883,1.34571947235883,0.7430969236457289
1996,Mozambique,MOZ,MOZ,0,0,1,1,4030146134.5706,4.0301461345706,0.2481299602071494
1996,Puerto Rico,PUR,PRI,0,0,1,1,45340835000,45.340835,0.022055173884645046
1996,Tunisia,TUN,TUN,0,0,1,1,19587161806.7655,19.5871618067655,0.05105384893765442
1996,Uganda,UGA,UGA,0,0,1,1,6044585326.938,6.044585326938,0.16543732049632082
2000,United States,USA,USA,37,24,32,93,10250952000000,10250.952,0.00907232811157442
2000,Russian Federation,RUS,RUS,32,28,29,89,259710142196.943,259.71014219694297,0.34268973574589806
2000,People's Republic of China,CHN,CHN,28,16,14,58,1223754919971.05,1223.75491997105,0.04739511078032854
2000,Australia,AUS,AUS,16,25,17,58,416167815092.908,416.16781509290803,0.1393668561011901
2000,Germany,GER,DEU,13,17,26,56,1966980701145.1,1966.9807011451,0.028470030218089564
2000,France,FRA,FRA,13,14,11,38,1360959069477.49,1360.95906947749,0.027921486290244758
2000,Italy,ITA,ITA,13,8,13,34,1149661363439.38,1149.6613634393798,0.029573925923964284
2000,Netherlands,NED,NLD,12,9,4,25,417649282153.726,417.649282153726,0.05985883627305778
2000,Cuba,CUB,CUB,11,11,7,29,30565400000,30.5654,0.9487852277411714
2000,Great Britain,GBR,GBR,11,10,7,28,1665534876683.31,1665.5348766833101,0.016811416195473643
2000,Romania,ROU,ROU,11,6,9,26,37253739511.1273,37.2537395111273,0.697916513649162
2000,Republic of Korea,KOR,KOR,8,10,10,28,576179387819.613,576.179387819613,0.04859597651689353
2000,Hungary,HUN,HUN,8,6,3,17,47275954428.9586,47.275954428958606,0.35959083651173734
2000,Poland,POL,POL,6,5,3,14,172953527033.013,172.953527033013,0.08094660016576424
2000,Japan,JPN,JPN,5,8,5,18,4968359075956.59,4968.35907595659,0.003622926548748763
2000,Bulgaria,BUL,BGR,5,6,2,13,13245990274.4581,13.2459902744581,0.9814290763196137
2000,Greece,GRE,GRC,4,6,3,13,125760166224.805,125.76016622480499,0.10337136463990991
2000,Sweden,SWE,SWE,4,5,3,12,262905197441.662,262.905197441662,0.04564382947454955
2000,Norway,NOR,NOR,4,3,3,10,171457201935.968,171.457201935968,0.058323592634706455
2000,Ethiopia,ETH,ETH,4,1,3,8,8242349617.8638,8.2423496178638,0.9705970228029941
2000,Ukraine,UKR,UKR,3,10,10,23,32375083934.8241,32.3750839348241,0.7104228685955672
2000,Kazakhstan,KAZ,KAZ,3,4,0,7,18291990662.0356,18.291990662035598,0.38268114877886206
2000,Belarus,BLR,BLR,3,3,11,17,12736780455.1539,12.7367804551539,1.334717204230446
2000,Canada,CAN,CAN,3,3,8,14,744773415931.587,744.773415931587,0.01879766342423533
2000,Spain,ESP,ESP,3,3,5,11,598102854756.08,598.10285475608,0.018391485532176656
2000,Turkey,TUR,TUR,3,0,2,5,274294623164.043,274.294623164043,0.018228574597358146
2000,Islamic Republic of Iran,IRI,IRN,3,0,1,4,109591707801.431,109.591707801431,0.03649911184199805
2000,Czechia,CZE,CZE,2,3,3,8,62175642238.0847,62.1756422380847,0.12866775013543372
2000,Kenya,KEN,KEN,2,3,2,7,12705350097.8044,12.7053500978044,0.5509490054280097
2000,Denmark,DEN,DNK,2,3,1,6,164043817223.59,164.04381722359,0.036575593652652345
2000,Finland,FIN,FIN,2,1,1,4,125967821110.589,125.967821110589,0.031754141373044324
2000,Austria,AUT,AUT,2,1,0,3,196181599831.287,196.18159983128697,0.01529195399864183
2000,Lithuania,LTU,LTU,2,0,3,5,11550695727.2335,11.5506957272335,0.43287435822686565
2000,Azerbaijan,AZE,AZE,2,0,1,3,5272615722.96892,5.2726157229689194,0.5689775545240667
2000,The Bahamas,BAH,BHS,2,0,1,3,8076470000,8.07647,0.3714494079715519
2000,Slovenia,SLO,SVN,2,0,0,2,20159190701.6789,20.159190701678902,0.09921033188268989
2000,Switzerland,SUI,CHE,1,6,2,9,279216033870.204,279.216033870204,0.03223310594041218
2000,Indonesia,INA,IDN,1,3,2,6,165021012077.81,165.02101207780998,0.03635900619231996
2000,Slovakia,SVK,SVK,1,3,1,5,29215726004.7765,29.2157260047765,0.17114070686391797
2000,Mexico,MEX,MEX,1,2,3,6,742061329749.127,742.0613297491269,0.008085585058081999
2000,Nigeria,NGR,NGA,1,2,0,3,69171451627.2465,69.17145162724651,0.04337049359852245
2000,Algeria,ALG,DZA,1,1,3,5,54790398570.3282,54.7903985703282,0.09125686489726971
2000,Uzbekistan,UZB,UZB,1,1,2,4,13760513969.314,13.760513969314,0.29068681656223133
2000,Latvia,LAT,LVA,1,1,1,3,7761252607.18424,7.7612526071842405,0.3865355441753095
2000,New Zealand,NZL,NZL,1,0,3,4,52623281956.7031,52.6232819567031,0.07601198274351423
2000,Estonia,EST,EST,1,0,2,3,5686579747.53524,5.68657974753524,0.5275578877268544
2000,Thailand,THA,THA,1,0,2,3,126392224253.794,126.39222425379401,0.023735637359906234
2000,Croatia,CRO,HRV,1,0,1,2,22134411297.473,22.134411297473,0.09035704510597634
2000,Cameroon,CMR,CMR,1,0,0,1,10566579294.9831,10.5665792949831,0.09463800649986977
2000,Colombia,COL,COL,1,0,0,1,99875074951.0278,99.8750749510278,0.010012508130685605
2000,Mozambique,MOZ,MOZ,1,0,0,1,5930685214.61595,5.930685214615949,0.1686145805775592
2000,Brazil,BRA,BRA,0,6,6,12,655448231983.527,655.448231983527,0.01830808203370299
2000,Jamaica,JAM,JAM,0,6,3,9,9005064474.93003,9.00506447493003,0.9994375970384077
2000,Belgium,BEL,BEL,0,2,3,5,236792460312.471,236.792460312471,0.02111553718138663
2000,South Africa,RSA,ZAF,0,2,3,5,151752757215.309,151.752757215309,0.032948330506482514
2000,Argentina,ARG,ARG,0,2,2,4,284203750000,284.20375,0.014074409644489208
2000,Morocco,MAR,MAR,0,1,4,5,43017455401.8445,43.0174554018445,0.11623188664445294
2000,Kingdom of Saudi Arabia,KSA,SAU,0,1,1,2,189514933333.333,189.514933333333,0.010553258072187119
2000,Republic of Moldova,MDA,MDA,0,1,1,2,1288429391.79951,1.28842939179951,1.5522775347484592
2000,Trinidad and Tobago,TTO,TTO,0,1,1,2,8154342116.10311,8.15434211610311,0.245268100298419
2000,Ireland,IRL,IRL,0,1,0,1,100207610429.909,100.207610429909,0.009979281969800666
2000,Sri Lanka,SRI,LKA,0,1,0,1,16330814179.9766,16.3308141799766,0.06123393414310669
2000,Uruguay,URU,URY,0,1,0,1,22823270892.1094,22.823270892109402,0.043814929276667615
2000,Vietnam,VIE,VNM,0,1,0,1,31172518403.3162,31.1725184033162,0.03207953836330458
2000,Georgia,GEO,GEO,0,0,6,6,3057475335.18846,3.05747533518846,1.9624034022273367
2000,Costa Rica,CRC,CRI,0,0,2,2,15013629661.8969,15.0136296618969,0.13321229076775493
2000,Portugal,POR,PRT,0,0,2,2,118605192877.388,118.605192877388,0.01686266807952975
2000,Armenia,ARM,ARM,0,0,1,1,1911563668.85006,1.91156366885006,0.5231319344971493
2000,Barbados,BAR,BRB,0,0,1,1,3059500000,3.0595,0.3268507926131721
2000,Chile,CHI,CHL,0,0,1,1,78339750721.364,78.339750721364,0.012764911692874336
2000,Iceland,ISL,ISL,0,0,1,1,9025660361.75842,9.02566036175842,0.11079521718288715
2000,India,IND,IND,0,0,1,1,468395521654.458,468.395521654458,0.0021349478245817092
2000,Israel,ISR,ISR,0,0,1,1,136512300542.025,136.512300542025,0.007325347210687086
2000,Kuwait,KUW,KWT,0,0,1,1,37718743480.0751,37.718743480075105,0.026512017838776873
2000,Kyrgyzstan,KGZ,KGZ,0,0,1,1,1369688498.06778,1.36968849806778,0.7300930112289767
2000,North Macedonia,MKD,MKD,0,0,1,1,3772859034.20508,3.77285903420508,0.2650509841300483
2000,Qatar,QAT,QAT,0,0,1,1,17759890109.8901,17.759890109890097,0.05630665470408072
2004,United States,USA,USA,36,39,26,101,12217196000000,12217.196,0.008267036069487631
2004,People's Republic of China,CHN,CHN,32,17,14,63,1984196551300.44,1984.19655130044,0.03175088675499908
2004,Russian Federation,RUS,RUS,28,26,36,90,591016690732.385,591.016690732385,0.15227996334328975
2004,Australia,AUS,AUS,17,16,17,50,614659980082.515,614.6599800825151,0.08134578729737334
2004,Japan,JPN,JPN,16,9,12,37,4893116005656.56,4893.1160056565595,0.007561643737288695
2004,Germany,GER,DEU,13,16,20,49,2852317768061.78,2852.3177680617796,0.017179011591438746
2004,France,FRA,FRA,11,9,13,33,2109792297237.03,2109.79229723703,0.015641350119258934
2004,Italy,ITA,ITA,10,11,11,32,1812808753294.75,1812.80875329475,0.017652165426628997
2004,Republic of Korea,KOR,KOR,9,12,9,30,793175561887.027,793.175561887027,0.037822647899826416
2004,Great Britain,GBR,GBR,9,9,12,30,2421525082387.4,2421.5250823874,0.012388886746703765
2004,Cuba,CUB,CUB,9,7,11,27,38203000000,38.203,0.7067507787346543
2004,Hungary,HUN,HUN,8,6,3,17,104015363080.271,104.015363080271,0.16343739517479466
2004,Ukraine,UKR,UKR,8,5,9,22,67220154164.3166,67.2201541643166,0.32728279596357374
2004,Romania,ROU,ROU,8,5,6,19,74973656851.8076,74.9736568518076,0.2534223458988437
2004,Greece,GRE,GRC,6,6,4,16,234979615898.225,234.979615898225,0.06809101265588059
2004,Brazil,BRA,BRA,5,2,3,10,669289424806.307,669.289424806307,0.014941219193615692
2004,Norway,NOR,NOR,5,0,1,6,265268662473.297,265.268662473297,0.02261857825216721
2004,Netherlands,NED,NLD,4,9,9,22,661224886143.245,661.224886143245,0.033271584994812205
2004,Sweden,SWE,SWE,4,2,1,7,384547211147.247,384.547211147247,0.018203226540419844
2004,Spain,ESP,ESP,3,11,6,20,1069829382514.67,1069.82938251467,0.01869456973876463
2004,Canada,CAN,CAN,3,6,3,12,1026690238278.25,1026.69023827825,0.011688043338294409
2004,Turkey,TUR,TUR,3,3,4,10,408865430220.331,408.865430220331,0.024457924932932484
2004,Poland,POL,POL,3,2,5,10,256268656145.134,256.268656145134,0.03902154930073324
2004,New Zealand,NZL,NZL,3,2,0,5,103905210084.034,103.905210084034,0.048120782354958126
2004,Thailand,THA,THA,3,1,4,8,172895685154.658,172.895685154658,0.04627067467209416
2004,Belarus,BLR,BLR,2,5,6,13,23141566292.9462,23.1415662929462,0.5617597285954901
2004,Austria,AUT,AUT,2,4,1,7,299210411454.823,299.210411454823,0.02339490783747982
2004,Ethiopia,ETH,ETH,2,3,2,7,10131187261.4421,10.1311872614421,0.6909358024247596
2004,Islamic Republic of Iran,IRI,IRN,2,2,2,6,187754571246.703,187.754571246703,0.031956612082249695
2004,Slovakia,SVK,SVK,2,2,2,6,57215475076.2986,57.2154750762986,0.10486673390370026
2004,Georgia,GEO,GEO,2,2,0,4,5125365191.98664,5.12536519198664,0.7804321936422958
2004,Bulgaria,BUL,BGR,2,1,9,12,26157743368.8716,26.1577433688716,0.4587551697705053
2004,Denmark,DEN,DNK,2,1,5,8,251986155630.852,251.98615563085198,0.03174777590448115
2004,Jamaica,JAM,JAM,2,1,2,5,10174664853.9476,10.174664853947599,0.4914166777749032
2004,Uzbekistan,UZB,UZB,2,1,2,5,12030023547.8807,12.030023547880699,0.4156267841122255
2004,Morocco,MAR,MAR,2,1,0,3,66114145451.0067,66.11414545100669,0.04537606860884444
2004,Argentina,ARG,ARG,2,0,4,6,164657930452.787,164.65793045278699,0.03643918020529478
2004,Chile,CHI,CHL,2,0,1,3,99075985773.6682,99.0759857736682,0.03027978956326793
2004,Kazakhstan,KAZ,KAZ,1,4,3,8,43151647002.6096,43.15164700260959,0.1853926919525505
2004,Kenya,KEN,KEN,1,4,2,7,16095337093.8366,16.095337093836598,0.434908567567716
2004,Czechia,CZE,CZE,1,3,5,9,120147899983.657,120.147899983657,0.07490767629916309
2004,South Africa,RSA,ZAF,1,3,2,6,255806908594.573,255.806908594573,0.023455191390117487
2004,Croatia,CRO,HRV,1,2,2,5,41836292157.3335,41.8362921573335,0.11951345929979953
2004,Lithuania,LTU,LTU,1,2,0,3,22743164431.1972,22.7431644311972,0.13190776547721067
2004,Egypt,EGY,EGY,1,1,3,5,78782467532.4675,78.78246753246749,0.06346589738306206
2004,Switzerland,SUI,CHE,1,1,3,5,403912891033.374,403.912891033374,0.012378906717257672
2004,Indonesia,INA,IDN,1,1,2,4,256836875295.452,256.836875295452,0.01557408762039565
2004,Zimbabwe,ZIM,ZWE,1,1,1,3,5805598867.45729,5.80559886745729,0.5167425563650639
2004,Azerbaijan,AZE,AZE,1,0,4,5,8680405740.94125,8.68040574094125,0.5760099411502659
2004,Belgium,BEL,BEL,1,0,2,3,369214712443.206,369.214712443206,0.008125353348321599
2004,Israel,ISR,ISR,1,0,1,2,140047984605.087,140.047984605087,0.01428081957508836
2004,The Bahamas,BAH,BHS,1,0,1,2,9055290000,9.05529,0.22086537261644854
2004,Cameroon,CMR,CMR,1,0,0,1,18826214135.6419,18.826214135641898,0.0531174240766121
2004,Dominican Republic,DOM,DOM,1,0,0,1,22322387382.494,22.322387382494,0.04479807571049659
2004,United Arab Emirates,UAE,ARE,1,0,0,1,147824370319.946,147.824370319946,0.006764784438693256
2004,Latvia,LAT,LVA,0,4,0,4,13827070378.5612,13.8270703785612,0.289287599649596
2004,Mexico,MEX,MEX,0,3,1,4,819459227375.022,819.459227375022,0.004881267873220759
2004,Portugal,POR,PRT,0,2,1,3,189382122532.169,189.382122532169,0.015840988367264768
2004,Finland,FIN,FIN,0,2,0,2,197458297639.769,197.458297639769,0.010128720969977566
2004,Slovenia,SLO,SVN,0,1,3,4,34156553313.4031,34.1565533134031,0.11710783471909596
2004,Estonia,EST,EST,0,1,2,3,12148595031.0559,12.148595031055901,0.24694213547582988
2004,"Hong Kong, China",HKG,HKG,0,1,0,1,169099768875.193,169.099768875193,0.005913668638648863
2004,India,IND,IND,0,1,0,1,709152728830.775,709.152728830775,0.0014101334724450165
2004,Paraguay,PAR,PRY,0,1,0,1,9624440836.29309,9.624440836293092,0.10390214008372
2004,Colombia,COL,COL,0,0,2,2,117092416666.245,117.092416666245,0.017080525425491138
2004,Nigeria,NGR,NGA,0,0,2,2,135764731645.611,135.764731645611,0.014731366355296413
2004,Venezuela,VEN,VEN,0,0,2,2,112451400424.964,112.451400424964,0.017785461029758805
2004,Eritrea,ERI,ERI,0,0,1,1,1109054005.43971,1.10905400543971,0.9016693462132415
2004,Mongolia,MGL,MNG,0,0,1,1,1992066808.09598,1.99206680809598,0.501991196246978
2004,Syrian Arab Republic,SYR,SYR,0,0,1,1,25086950495.0495,25.0869504950495,0.039861361395731765
2004,Trinidad and Tobago,TTO,TTO,0,0,1,1,13280291989.5755,13.2802919895755,0.07529954919552673
2008,People's Republic of China,CHN,CHN,48,22,30,100,4667346414521.95,4667.3464145219505,0.02142545059198106
2008,United States,USA,USA,36,39,37,112,14769862000000,14769.862,0.00758300923867806
2008,Russian Federation,RUS,RUS,24,13,23,60,1660848058303.11,1660.84805830311,0.036126122254254885
2008,Great Britain,GBR,GBR,19,13,19,51,2929411764705.88,2929.4117647058797,0.017409638554216882
2008,Germany,GER,DEU,16,11,14,41,3808786022312.5,3808.7860223125,0.010764584767906414
2008,Australia,AUS,AUS,14,15,17,46,1056112427190.38,1056.11242719038,0.04355596886817791
2008,Republic of Korea,KOR,KOR,13,11,8,32,1047339010225.25,1047.33901022525,0.03055362178586072
2008,Japan,JPN,JPN,9,8,8,25,5106679115127.3,5106.6791151273,0.00489554942387971
2008,Italy,ITA,ITA,8,9,10,27,2417508414187.19,2417.50841418719,0.011168523692223794
2008,France,FRA,FRA,7,16,20,43,2926802941585.86,2926.80294158586,0.014691798818782402
2008,Netherlands,NED,NLD,7,5,4,16,957901566041.406,957.901566041406,0.016703177619931345
2008,Ukraine,UKR,UKR,7,4,11,22,188110390659.515,188.11039065951502,0.1169526038560018
2008,Kenya,KEN,KEN,6,4,6,16,35895153327.8497,35.8951533278497,0.44574262864580666
2008,Spain,ESP,ESP,5,11,3,19,1636115447612.5,1636.1154476125,0.011612872445966899
2008,Jamaica,JAM,JAM,5,4,2,11,13709401520.0326,13.7094015200326,0.8023690883899244
2008,Poland,POL,POL,4,5,2,11,535612030671.888,535.612030671888,0.020537253403739394
2008,Ethiopia,ETH,ETH,4,2,1,7,27066912635.2228,27.066912635222803,0.25861833945888374
2008,Romania,ROU,ROU,4,1,4,9,214315932061.275,214.315932061275,0.041994078151067246
2008,Cuba,CUB,CUB,3,10,17,30,56302129629.6296,56.3021296296296,0.532839524851866
2008,Canada,CAN,CAN,3,9,8,20,1552989690721.65,1552.9896907216498,0.012878385554965477
2008,Hungary,HUN,HUN,3,5,2,10,158228265915.534,158.228265915534,0.06319983311539443
2008,Norway,NOR,NOR,3,5,1,9,464917553191.489,464.917553191489,0.019358271027235457
2008,Brazil,BRA,BRA,3,4,10,17,1695855083497.52,1695.8550834975201,0.010024441454596057
2008,Belarus,BLR,BLR,3,4,7,14,60752106347.126,60.752106347126,0.23044468483128236
2008,Czechia,CZE,CZE,3,3,1,7,236506264753.95,236.50626475395,0.029597524646048895
2008,Slovakia,SVK,SVK,3,3,0,6,100830060552.902,100.830060552902,0.059506063639146685
2008,New Zealand,NZL,NZL,3,2,4,9,133437126590.286,133.437126590286,0.06744749553573784
2008,Georgia,GEO,GEO,3,2,2,7,12795145130.9103,12.7951451309103,0.5470825010878162
2008,Kazakhstan,KAZ,KAZ,2,3,4,9,133441648851.982,133.441648851982,0.06744520977841863
2008,Denmark,DEN,DNK,2,2,3,7,354979471960.142,354.979471960142,0.019719450145517084
2008,Thailand,THA,THA,2,2,2,6,291382982430.951,291.38298243095096,0.020591456474030087
2008,Mongolia,MGL,MNG,2,2,0,4,5623216608.04288,5.62321660804288,0.711336638584899
2008,Switzerland,SUI,CHE,2,1,4,7,567267767519.158,567.2677675191579,0.012339851478981827
2008,Argentina,ARG,ARG,2,0,4,6,361558037110.419,361.558037110419,0.016594846149603402
2008,Mexico,MEX,MEX,2,0,2,4,1161553459984.65,1161.5534599846499,0.003443664142718718
2008,Belgium,BEL,BEL,2,0,0,2,517328087920.078,517.328087920078,0.003866018580280489
2008,Zimbabwe,ZIM,ZWE,1,3,0,4,4415703155.54517,4.41570315554517,0.9058579934153552
2008,Slovenia,SLO,SVN,1,2,2,5,55509332322.3578,55.50933232235781,0.09007494399254595
2008,Azerbaijan,AZE,AZE,1,1,4,6,48851293785.4483,48.851293785448306,0.12282172149527111
2008,Indonesia,INA,IDN,1,1,4,6,510228634992.258,510.228634992258,0.011759434082117014
2008,Bulgaria,BUL,BGR,1,1,3,5,54480684188.4442,54.4806841884442,0.09177564625850534
2008,Turkey,TUR,TUR,1,1,3,5,770449132861.373,770.4491328613731,0.006489721107778377
2008,Finland,FIN,FIN,1,1,2,4,285698662071.094,285.698662071094,0.014000765600381528
2008,Latvia,LAT,LVA,1,1,1,3,34135200994.0067,34.1352009940067,0.08788581618507903
2008,Dominican Republic,DOM,DOM,1,1,0,2,48091433554.186,48.091433554186,0.041587448162603485
2008,Estonia,EST,EST,1,1,0,2,24342935403.5447,24.3429354035447,0.08215936027619618
2008,Portugal,POR,PRT,1,1,0,2,263416394624.084,263.41639462408403,0.007592541849394597
2008,Trinidad and Tobago,TTO,TTO,1,1,0,2,27871587349.5413,27.8715873495413,0.07175766399371994
2008,India,IND,IND,1,0,2,3,1198895139005.92,1198.8951390059199,0.0025023039149925075
2008,Islamic Republic of Iran,IRI,IRN,1,0,1,2,406070949550.867,406.070949550867,0.004925247674604872
2008,Cameroon,CMR,CMR,1,0,0,1,27715142032.913,27.715142032912997,0.03608135938154148
2008,Panama,PAN,PAN,1,0,0,1,25721328000,25.721328,0.03887824143450136
2008,Tunisia,TUN,TUN,1,0,0,1,44859439902.2191,44.8594399022191,0.022291852109159575
2008,Sweden,SWE,SWE,0,4,1,5,514616528348.834,514.616528348834,0.009715972427163743
2008,Lithuania,LTU,LTU,0,3,2,5,47831254207.5223,47.8312542075223,0.10453416041124138
2008,Nigeria,NGR,NGA,0,3,2,5,339476276257.793,339.476276257793,0.014728569710724285
2008,Croatia,CRO,HRV,0,2,3,5,68478776205.9826,68.4787762059826,0.0730153235355742
2008,Colombia,COL,COL,0,2,1,3,242504150472.931,242.504150472931,0.012370922287925412
2008,Greece,GRE,GRC,0,2,1,3,351121399546.485,351.121399546485,0.00854405343529291
2008,Armenia,ARM,ARM,0,1,4,5,11662040713.8753,11.6620407138753,0.4287414289379975
2008,Uzbekistan,UZB,UZB,0,1,3,4,29549438883.8338,29.5494388838338,0.13536636061770904
2008,Austria,AUT,AUT,0,1,2,3,429234399096.173,429.234399096173,0.006989188206530085
2008,Ireland,IRL,IRL,0,1,2,3,275447471451.063,275.447471451063,0.010891368812339926
2008,Kyrgyzstan,KGZ,KGZ,0,1,2,3,5139958909.17936,5.13995890917936,0.5836622535332634
2008,Serbia,SRB,SRB,0,1,2,3,54220641201.6474,54.2206412016474,0.055329482158703244
2008,Algeria,ALG,DZA,0,1,1,2,180383848331.135,180.383848331135,0.011087467190125313
2008,Morocco,MAR,MAR,0,1,1,2,101822906949.063,101.822906949063,0.0196419456085702
2008,Tajikistan,TJK,TJK,0,1,1,2,5161299725.27673,5.16129972527673,0.38749929406449407
2008,The Bahamas,BAH,BHS,0,1,1,2,10526000000,10.526,0.19000570017100513
2008,Chile,CHI,CHL,0,1,0,1,179894594475.405,179.894594475405,0.0055588107186662515
2008,Ecuador,ECU,ECU,0,1,0,1,61139438000,61.139438,0.016356054826673416
2008,Iceland,ISL,ISL,0,1,0,1,18074622987.0185,18.0746229870185,0.0553261885859648
2008,Malaysia,MAS,MYS,0,1,0,1,230811614370.384,230.811614370384,0.004332537609633878
2008,Samoa,SAM,WSM,0,1,0,1,641346191.664776,0.641346191664776,1.5592202978616703
2008,Singapore,SGP,SGP,0,1,0,1,193617323539.203,193.617323539203,0.005164827101834838
2008,South Africa,RSA,ZAF,0,1,0,1,316131258616.309,316.131258616309,0.00316324302878795
2008,Sudan,SUD,SDN,0,1,0,1,64833083257.1431,64.8330832571431,0.015424224018989923
2008,Vietnam,VIE,VNM,0,1,0,1,99130304099.1274,99.1303040991274,0.010087732596886107
2008,Egypt,EGY,EGY,0,0,2,2,162818181818.182,162.818181818182,0.012283640424343927
2008,Afghanistan,AFG,AFG,0,0,1,1,10109297047.5432,10.1092970475432,0.09891884621621876
2008,Israel,ISR,ISR,0,0,1,1,221231658862.876,221.231658862876,0.004520148721661129
2008,Mauritius,MRI,MUS,0,0,1,1,9990356673.73497,9.99035667373497,0.1000965263461552
2008,Republic of Moldova,MDA,MDA,0,0,1,1,6054824248.24221,6.054824248242211,0.16515756015384134
2008,Togo,TOG,TGO,0,0,1,1,4578849657.99813,4.57884965799813,0.2183954649511684
2008,Venezuela,VEN,VEN,0,0,1,1,315953388510.678,315.953388510678,0.003165023817955362
2012,United States,USA,USA,48,26,30,104,16253970000000,16253.97,0.00639843681266792
2012,People's Republic of China,CHN,CHN,39,31,22,92,8673664713189.24,8673.66471318924,0.010606819959284811
2012,Great Britain,GBR,GBR,29,18,18,65,2707089726614.64,2707.0897266146403,0.024011025331356843
2012,Russian Federation,RUS,RUS,18,21,26,65,2208293553878.42,2208.29355387842,0.02943449247761498
2012,Republic of Korea,KOR,KOR,13,9,8,30,1278046536287.01,1278.04653628701,0.023473323660933517
2012,Germany,GER,DEU,11,20,13,44,3597896500945.31,3597.89650094531,0.01222936790661973
2012,France,FRA,FRA,11,11,13,35,2683007095787.23,2683.00709578723,0.013045064269474299
2012,Australia,AUS,AUS,8,15,12,35,1547532281116.4,1547.5322811163999,0.022616652606917365
2012,Italy,ITA,ITA,8,9,11,28,2097929495121.68,2097.92949512168,0.013346492370267192
2012,Hungary,HUN,HUN,8,4,6,18,128470269689.958,128.470269689958,0.14011023751596427
2012,Japan,JPN,JPN,7,14,17,38,6272362996105.03,6272.36299610503,0.006058322839988212
2012,Islamic Republic of Iran,IRI,IRN,7,5,1,13,644019315003.54,644.01931500354,0.020185729988437602
2012,Netherlands,NED,NLD,6,6,8,20,845689017065.625,845.689017065625,0.023649355255193072
2012,New Zealand,NZL,NZL,6,2,5,13,176560711239.147,176.560711239147,0.07362906452269458
2012,Ukraine,UKR,UKR,5,4,10,19,182591753827.949,182.591753827949,0.10405727313350174
2012,Cuba,CUB,CUB,5,3,7,15,73141000000,73.141,0.20508333219398148
2012,Spain,ESP,ESP,4,10,6,20,1330994811670.31,1330.9948116703101,0.01502635459179689
2012,Jamaica,JAM,JAM,4,5,4,13,14807086555.5283,14.807086555528299,0.8779579933735435
2012,Czechia,CZE,CZE,4,4,3,11,210363223087.728,210.363223087728,0.05229050895180789
2012,South Africa,RSA,ZAF,4,1,1,6,434400545085.811,434.40054508581096,0.013812137364640662
2012,Brazil,BRA,BRA,3,5,9,17,2465227802806.76,2465.22780280676,0.006895914438675738
2012,Poland,POL,POL,3,2,6,11,498148649702.66,498.14864970265995,0.022081762153858677
2012,Ethiopia,ETH,ETH,3,2,3,8,43310721414.0829,43.3107214140829,0.18471176971433967
2012,Kazakhstan,KAZ,KAZ,3,1,7,11,207998568865.789,207.998568865789,0.05288497925722627
2012,Croatia,CRO,HRV,3,1,2,6,57551963753.2104,57.5519637532104,0.10425361028041905
2012,Canada,CAN,CAN,2,6,10,18,1828366481521.6,1828.3664815216,0.009844853415284703
2012,Belarus,BLR,BLR,2,5,3,10,65685890438.8922,65.6858904388922,0.15223969612321891
2012,Kenya,KEN,KEN,2,4,7,13,56396704671.5777,56.396704671577695,0.2305099220903881
2012,Denmark,DEN,DNK,2,4,3,9,326792574244.963,326.792574244963,0.027540405472168468
2012,Romania,ROU,ROU,2,4,1,7,179117323107.087,179.117323107087,0.039080530451066325
2012,Azerbaijan,AZE,AZE,2,2,5,9,69679944504.1972,69.67994450419721,0.12916198576274526
2012,Switzerland,SUI,CHE,2,2,0,4,686420221557.99,686.42022155799,0.005827334152424985
2012,Norway,NOR,NOR,2,1,1,4,512777309840.997,512.777309840997,0.007800657172682481
2012,Lithuania,LTU,LTU,2,0,3,5,42709372066.8627,42.7093720668627,0.117070323398161
2012,Tunisia,TUN,TUN,2,0,1,3,47311401812.6733,47.3114018126733,0.06340966204887191
2012,Sweden,SWE,SWE,1,4,3,8,549742183874.355,549.742183874355,0.014552276020769077
2012,Colombia,COL,COL,1,3,5,9,370691143018.039,370.691143018039,0.02427897231837026
2012,Mexico,MEX,MEX,1,3,4,8,1255110424665.92,1255.11042466592,0.006373941163088823
2012,Georgia,GEO,GEO,1,2,3,6,16894392033.2256,16.8943920332256,0.3551474352080864
2012,Ireland,IRL,IRL,1,1,4,6,227270922957.327,227.270922957327,0.026400209590940835
2012,Argentina,ARG,ARG,1,1,2,4,545982375701.128,545.982375701128,0.007326243809359899
2012,Serbia,SRB,SRB,1,1,2,4,45103269969.4112,45.1032699694112,0.08868536588838856
2012,Slovenia,SLO,SVN,1,1,2,4,46167053954.3367,46.1670539543367,0.08664187244774929
2012,Trinidad and Tobago,TTO,TTO,1,1,2,4,27147349937.4689,27.1473499374689,0.1473440320772961
2012,Turkey,TUR,TUR,1,1,1,3,880555885492.269,880.555885492269,0.0034069387865403563
2012,Dominican Republic,DOM,DOM,1,1,0,2,60561635555.6383,60.5616355556383,0.03302420718414365
2012,Latvia,LAT,LVA,1,0,1,2,27116149948.6683,27.1161499486683,0.07375678345878972
2012,Algeria,ALG,DZA,1,0,0,1,227143746075.934,227.143746075934,0.0044024984939083495
2012,Bahrain,BRN,BHR,1,0,0,1,31963404255.3191,31.963404255319098,0.0312857789493304
2012,Grenada,GRN,GRD,1,0,0,1,799881481.481481,0.799881481481481,1.2501852126240933
2012,The Bahamas,BAH,BHS,1,0,0,1,10720400000,10.7204,0.09328010148875042
2012,Uganda,UGA,UGA,1,0,0,1,27305915910.7877,27.3059159107877,0.03662210061977565
2012,Venezuela,VEN,VEN,1,0,0,1,381286237847.667,381.286237847667,0.0026227015316496265
2012,Egypt,EGY,EGY,0,3,1,4,279116666666.667,279.116666666667,0.0143309249417806
2012,India,IND,IND,0,2,4,6,1827637590410.41,1827.63759041041,0.003282926566777746
2012,Mongolia,MGL,MNG,0,2,3,5,12292770631.565,12.292770631565,0.4067431297514942
2012,Thailand,THA,THA,0,2,2,4,397558325278.579,397.558325278579,0.010061416767456952
2012,Bulgaria,BUL,BGR,0,2,1,3,54297052002.2338,54.297052002233805,0.055251618446551735
2012,Finland,FIN,FIN,0,2,1,3,257443384492.969,257.443384492969,0.011653047546389496
2012,Indonesia,INA,IDN,0,2,1,3,917869913332.649,917.869913332649,0.0032684370153363523
2012,Slovakia,SVK,SVK,0,1,3,4,94724394278.052,94.724394278052,0.042227770686592975
2012,Belgium,BEL,BEL,0,1,2,3,498414364944.961,498.414364944961,0.006019088154353827
2012,Armenia,ARM,ARM,0,1,1,2,10619320682.9474,10.619320682947398,0.18833596420264606
2012,Estonia,EST,EST,0,1,1,2,23237406116.3988,23.237406116398798,0.08606812610589037
2012,Malaysia,MAS,MYS,0,1,1,2,314443047642.111,314.443047642111,0.006360452282208942
2012,Puerto Rico,PUR,PRI,0,1,1,2,101564800000,101.5648,0.019691861747377044
2012,Qatar,QAT,QAT,0,1,1,2,186833502362.637,186.833502362637,0.010704718236872062
2012,Botswana,BOT,BWA,0,1,0,1,13907464500.1489,13.9074645001489,0.07190383264967483
2012,Cyprus,CYP,CYP,0,1,0,1,25047436974.6819,25.0474369746819,0.03992424458481744
2012,Gabon,GAB,GAB,0,1,0,1,17170464016.0593,17.1704640160593,0.0582395443166075
2012,Guatemala,GUA,GTM,0,1,0,1,49593929487.1263,49.593929487126296,0.02016375815228721
2012,Montenegro,MNE,MNE,0,1,0,1,4087526241.81268,4.08752624181268,0.2446467474069436
2012,Portugal,POR,PRT,0,1,0,1,216536676771.973,216.536676771973,0.0046181552931703305
2012,Uzbekistan,UZB,UZB,0,0,3,3,67517349212.0609,67.51734921206089,0.044433024030275436
2012,Greece,GRE,GRC,0,0,2,2,238841140018.233,238.841140018233,0.008373766763327796
2012,Singapore,SGP,SGP,0,0,2,2,295092888076.589,295.09288807658896,0.006777526944264804
2012,Afghanistan,AFG,AFG,0,0,1,1,19907329777.5872,19.9073297775872,0.050232754024392395
2012,Cameroon,CMR,CMR,0,0,1,1,30155062329.2821,30.1550623292821,0.0331619278076885
2012,"Hong Kong, China",HKG,HKG,0,0,1,1,262628865879.697,262.628865879697,0.0038076545647425988
2012,Kingdom of Saudi Arabia,KSA,SAU,0,0,1,1,751921333333.333,751.921333333333,0.0013299263575444955
2012,Kuwait,KUW,KWT,0,0,1,1,174047662555.419,174.047662555419,0.005745552599315071
2012,Morocco,MAR,MAR,0,0,1,1,106937392311.129,106.937392311129,0.009351265992072725
2012,Tajikistan,TJK,TJK,0,0,1,1,7633036903.07634,7.63303690307634,0.1310094543885895
2012,Vietnam,VIE,VNM,0,0,1,1,195590661129.249,195.59066112924899,0.0051127185430350705
2016,United States,USA,USA,46,37,38,121,18804913000000,18804.913,0.006434488689205847
2016,Great Britain,GBR,GBR,27,23,17,67,2689106566899.61,2689.10656689961,0.0249153383598506
2016,People's Republic of China,CHN,CHN,26,18,26,70,11456024084962,11456.024084962,0.006110322349259637
2016,Russian Federation,RUS,RUS,19,17,20,56,1276786350881.14,1276.78635088114,0.043860117991826195
2016,Germany,GER,DEU,17,10,15,42,3537784107980.55,3537.78410798055,0.011871838054011324
2016,Japan,JPN,JPN,12,8,21,41,5003677627544.24,5003.67762754424,0.008193973123748668
2016,France,FRA,FRA,10,18,14,42,2470407619777.13,2470.40761977713,0.017001242897635275
2016,Republic of Korea,KOR,KOR,9,3,9,21,1499679823909.61,1499.6798239096101,0.014002988948170132
2016,Italy,ITA,ITA,8,12,8,28,1887111188176.93,1887.11118817693,0.014837493506172146
2016,Australia,AUS,AUS,8,11,10,29,1206836962281.84,1206.83696228184,0.024029757876464056
2016,Netherlands,NED,NLD,8,7,4,19,797163949289.885,797.163949289885,0.023834494794860245
2016,Hungary,HUN,HUN,8,3,4,15,128983560865.293,128.983560865293,0.11629388969704134
2016,Brazil,BRA,BRA,7,6,6,19,1795693482853.01,1795.69348285301,0.01058087038875514
2016,Spain,ESP,ESP,7,4,6,17,1243015667917.12,1243.01566791712,0.013676416507674705
2016,Kenya,KEN,KEN,6,6,1,13,74815144163.8931,74.8151441638931,0.1737616113058831
2016,Jamaica,JAM,JAM,6,3,2,11,14077096676.6213,14.0770966766213,0.7814111284941572
2016,Croatia,CRO,HRV,5,3,2,10,52654855638.1057,52.6548556381057,0.1899160082923695
2016,Cuba,CUB,CUB,5,2,4,11,91370407863.7,91.3704078637,0.12038908720216104
2016,New Zealand,NZL,NZL,4,9,5,18,189100085275.23,189.10008527523001,0.0951876884338867
2016,Canada,CAN,CAN,4,3,15,22,1527994741907.43,1527.99474190743,0.014397955304831029
2016,Uzbekistan,UZB,UZB,4,2,7,13,86138288644.171,86.138288644171,0.15092011003029968
2016,Colombia,COL,COL,3,2,3,8,282720100286.228,282.72010028622805,0.02829653778383899
2016,Switzerland,SUI,CHE,3,2,2,7,687895460902.713,687.895460902713,0.010175964805486612
2016,Islamic Republic of Iran,IRI,IRN,3,1,4,8,459042684192.698,459.042684192698,0.017427573242059863
2016,Greece,GRE,GRC,3,1,2,6,193097239005.87,193.09723900587,0.03107242770994569
2016,Argentina,ARG,ARG,3,1,0,4,557532320662.955,557.5323206629549,0.007174471957506694
2016,Denmark,DEN,DNK,2,6,7,15,312181849372.233,312.181849372233,0.04804891773869469
2016,Sweden,SWE,SWE,2,6,3,11,514218206628.325,514.218206628325,0.021391696867611613
2016,South Africa,RSA,ZAF,2,6,2,10,323585509674.481,323.58550967448105,0.03090373240155207
2016,Kazakhstan,KAZ,KAZ,2,5,10,17,137278320084.171,137.278320084171,0.12383601423426946
2016,Ukraine,UKR,UKR,2,5,4,11,93355869403.9223,93.3558694039223,0.11782869218866533
2016,Serbia,SRB,SRB,2,4,2,8,42225495909.5633,42.2254959095633,0.18945899456418572
2016,Poland,POL,POL,2,3,6,11,473259623976.262,473.25962397626205,0.02324305612124592
2016,Belgium,BEL,BEL,2,2,2,6,474271566739.729,474.271566739729,0.012650979777779264
2016,Thailand,THA,THA,2,2,2,6,413366349747.508,413.36634974750797,0.014514969599399937
2016,Slovakia,SVK,SVK,2,2,0,4,90347173228.6356,90.34717322863561,0.044273659673639866
2016,Georgia,GEO,GEO,2,1,4,7,15444548901.9637,15.4445489019637,0.45323434465023343
2016,Azerbaijan,AZE,AZE,1,7,10,18,37866996882.9157,37.8669968829157,0.47534796740432794
2016,Belarus,BLR,BLR,1,4,4,9,47723545321.259,47.723545321259,0.1885861567789023
2016,Turkey,TUR,TUR,1,3,4,8,869682881593.041,869.682881593041,0.009198755281173301
2016,Armenia,ARM,ARM,1,3,0,4,10546136235.5219,10.5461362355219,0.3792858266449325
2016,Czechia,CZE,CZE,1,2,7,10,198160659303.939,198.16065930393898,0.050464103395326275
2016,Ethiopia,ETH,ETH,1,2,5,8,74296766562.127,74.296766562127,0.10767628754490137
2016,Slovenia,SLO,SVN,1,2,1,4,44290685824.0682,44.2906858240682,0.09031244212132615
2016,Indonesia,INA,IDN,1,2,0,3,931877364037.698,931.877364037698,0.0032193077284347884
2016,Romania,ROU,ROU,1,1,2,4,185290759248.844,185.29075924884398,0.021587692857516074
2016,Bahrain,BRN,BHR,1,1,0,2,33884680851.0638,33.8846808510638,0.05902372251315481
2016,Vietnam,VIE,VNM,1,1,0,2,257096001177.982,257.096001177982,0.007779195284392788
2016,Cote d'Ivoire,CIV,CIV,1,0,1,2,48407761036.8238,48.4077610368238,0.04131568899620454
2016,The Bahamas,BAH,BHS,1,0,1,2,11880900000,11.8809,0.1683374155156596
2016,Fiji,FIJ,FJI,1,0,0,1,4930213644.36653,4.93021364436653,0.20283096679646775
2016,Jordan,JOR,JOR,1,0,0,1,39892551126.7606,39.892551126760594,0.02506733642635312
2016,Puerto Rico,PUR,PRI,1,0,0,1,104336700000,104.3367,0.009584355265213488
2016,Singapore,SGP,SGP,1,0,0,1,319646468521.497,319.646468521497,0.0031284562742877526
2016,Tajikistan,TJK,TJK,1,0,0,1,6992416096.89018,6.99241609689018,0.1430120842557899
2016,Malaysia,MAS,MYS,0,4,1,5,301256033870.334,301.25603387033397,0.01659717794117973
2016,Mexico,MEX,MEX,0,3,2,5,1112233497452.7,1112.2334974527,0.004495458922475616
2016,Algeria,ALG,DZA,0,2,0,2,180763839522.151,180.763839522151,0.011064159763849881
2016,Ireland,IRL,IRL,0,2,0,2,305733136180.907,305.73313618090697,0.006541652713811726
2016,Lithuania,LTU,LTU,0,1,3,4,42970749245.0336,42.9707492450336,0.09308657796936844
2016,Bulgaria,BUL,BGR,0,1,2,3,53929397039.2106,53.9293970392106,0.055628287440684376
2016,India,IND,IND,0,1,1,2,2294796885663.16,2294.79688566316,8.715368285947589e-4
2016,Mongolia,MGL,MNG,0,1,1,2,11181350649.3573,11.1813506493573,0.17886926747216886
2016,Burundi,BDI,BDI,0,1,0,1,2644487776.50077,2.64448777650077,0.37814506419205934
2016,Grenada,GRN,GRD,0,1,0,1,1061640740.74074,1.06164074074074,0.9419382297840875
2016,Niger,NIG,NER,0,1,0,1,10398861981.7583,10.398861981758301,0.09616436892365736
2016,Philippines,PHI,PHL,0,1,0,1,318627003016.731,318.627003016731,0.0031384659508832975
2016,Qatar,QAT,QAT,0,1,0,1,151732181868.132,151.732181868132,0.0065905596801414485
2016,Norway,NOR,NOR,0,0,4,4,370956547619.048,370.95654761904797,0.0107829340812924
2016,Egypt,EGY,EGY,0,0,3,3,332441717791.411,332.441717791411,0.009024138185576144
2016,Tunisia,TUN,TUN,0,0,3,3,44360072680.4476,44.3600726804476,0.06762838333496007
2016,Israel,ISR,ISR,0,0,2,2,321940971558.016,321.940971558016,0.0062123189549969605
2016,Austria,AUT,AUT,0,0,1,1,393687359770.273,393.687359770273,0.002540086632660816
2016,Dominican Republic,DOM,DOM,0,0,1,1,75552902635.7075,75.55290263570751,0.01323575885392104
2016,Estonia,EST,EST,0,0,1,1,24561027787.7896,24.5610277877896,0.040714908538849716
2016,Finland,FIN,FIN,0,0,1,1,238777818792.608,238.777818792608,0.0041879936966362705
2016,Morocco,MAR,MAR,0,0,1,1,111572947004.917,111.57294700491701,0.008962746139132904
2016,Nigeria,NGR,NGA,0,0,1,1,404649125252.16,404.64912525216,0.00247127681142729
2016,Portugal,POR,PRT,0,0,1,1,206305431241.638,206.305431241638,0.00484718213176238
2016,Trinidad and Tobago,TTO,TTO,0,0,1,1,23624333663.6693,23.6243336636693,0.04232923621197625
2016,United Arab Emirates,UAE,ARE,0,0,1,1,369255326235.534,369.25532623553397,0.0027081532179772483
2020,United States,USA,USA,39,41,33,113,21354105000000,21354.105,0.005291722598535505
2020,People's Republic of China,CHN,CHN,38,32,19,89,14996414166715.1,14996.4141667151,0.005934752068767054
2020,Japan,JPN,JPN,27,14,17,58,5054068005376.28,5054.06800537628,0.011475904150538205
2020,Great Britain,GBR,GBR,22,20,22,64,2696778386607.65,2696.7783866076497,0.02373202051671266
2020,Australia,AUS,AUS,17,7,22,46,1328414058378.38,1328.4140583783799,0.03462775759551436
2020,Netherlands,NED,NLD,10,12,14,36,932560861701.17,932.5608617011701,0.0386033785873547
2020,France,FRA,FRA,10,12,11,33,2647926055110.05,2647.9260551100497,0.012462583664795163
2020,Germany,GER,DEU,10,11,16,37,3940142541354.1,3940.1425413541,0.009390523213732337
2020,Italy,ITA,ITA,10,10,20,40,1907481094079.23,1907.48109407923,0.02097006367410871
2020,Canada,CAN,CAN,7,7,10,24,1655684730000.19,1655.68473000019,0.014495513285308397
2020,Brazil,BRA,BRA,7,6,8,21,1476107231310.49,1476.10723131049,0.014226608714162432
2020,New Zealand,NZL,NZL,7,6,7,20,213029554653.687,213.029554653687,0.09388368685515558
2020,Cuba,CUB,CUB,7,3,5,15,107351800000,107.3518,0.13972751271986125
2020,Hungary,HUN,HUN,6,7,7,20,158468487754.196,158.46848775419602,0.1262080574090064
2020,Republic of Korea,KOR,KOR,6,4,10,20,1644312831906.17,1644.31283190617,0.012163135634485681
2020,Poland,POL,POL,4,5,5,14,605914186117.953,605.914186117953,0.023105582144720783
2020,Czechia,CZE,CZE,4,4,3,11,251109660602.536,251.10966060253602,0.043805562771283155
2020,Kenya,KEN,KEN,4,4,2,10,100657505750.545,100.657505750545,0.09934678914836767
2020,Norway,NOR,NOR,4,2,2,8,367633418886.627,367.633418886627,0.021760807339626237
2020,Jamaica,JAM,JAM,4,1,4,9,13812421835.7369,13.8124218357369,0.6515873977085095
2020,Spain,ESP,ESP,3,8,6,17,1289783836971.21,1289.78383697121,0.013180503207359907
2020,Sweden,SWE,SWE,3,6,0,9,545147614972.141,545.147614972141,0.016509289874559813
2020,Switzerland,SUI,CHE,3,4,6,13,741999406005.627,741.999406005627,0.01752022965891891
2020,Denmark,DEN,DNK,3,4,4,11,355631021931.621,355.631021931621,0.030930934934340536
2020,Croatia,CRO,HRV,3,3,2,8,57963370885.0798,57.963370885079804,0.13801819800751544
2020,Islamic Republic of Iran,IRI,IRN,3,2,2,7,262186179355.944,262.186179355944,0.02669858501769767
2020,Serbia,SRB,SRB,3,1,5,9,55874017668.998,55.874017668998,0.16107665737081403
2020,Belgium,BEL,BEL,3,1,3,7,529694473501.791,529.694473501791,0.01321516525124994
2020,Bulgaria,BUL,BGR,3,1,2,6,70550652466.6251,70.55065246662511,0.08504528009628794
2020,Slovenia,SLO,SVN,3,1,1,5,53384760135.1581,53.384760135158096,0.09365968840809877
2020,Uzbekistan,UZB,UZB,3,0,2,5,66443265418.3086,66.4432654183086,0.07525217143560554
2020,Georgia,GEO,GEO,2,5,1,8,16010869215.68,16.01086921568,0.499660567595251
2020,Turkey,TUR,TUR,2,2,9,13,720338490327.248,720.338490327248,0.018047071168020096
2020,Greece,GRE,GRC,2,1,1,4,191362985554.861,191.36298555486098,0.0209026839145612
2020,Uganda,UGA,UGA,2,1,1,4,37600368239.8824,37.6003682398824,0.1063819368597894
2020,Ecuador,ECU,ECU,2,1,0,3,95865473000,95.865473,0.031293852793069725
2020,Ireland,IRL,IRL,2,0,2,4,436555518400.451,436.555518400451,0.009162637583086998
2020,Israel,ISR,ISR,2,0,2,4,410768352657.612,410.768352657612,0.009737848532197228
2020,Qatar,QAT,QAT,2,0,1,3,144411363351.648,144.41136335164802,0.02077398848936055
2020,The Bahamas,BAH,BHS,2,0,0,2,10363200000,10.3632,0.1929905820595955
2020,Ukraine,UKR,UKR,1,6,12,19,156617722013.342,156.61772201334202,0.1213144959315742
2020,Belarus,BLR,BLR,1,3,3,7,61371673344.7424,61.3716733447424,0.11405913540403209
2020,Romania,ROU,ROU,1,3,0,4,252033792712.145,252.033792712145,0.015870887617711306
2020,India,IND,IND,1,2,4,7,2674851578587.27,2674.85157858727,0.002616967631414177
2020,"Hong Kong, China",HKG,HKG,1,2,3,6,344943149590.058,344.943149590058,0.01739417062530623
2020,Philippines,PHI,PHL,1,2,1,4,361751145451.597,361.751145451597,0.011057325043177251
2020,Slovakia,SVK,SVK,1,2,1,4,107732602896.441,107.732602896441,0.03712896460735325
2020,South Africa,RSA,ZAF,1,2,0,3,337974655408.055,337.974655408055,0.008876405233338986
2020,Austria,AUT,AUT,1,1,5,7,434397601557.696,434.39760155769596,0.016114269450150893
2020,Egypt,EGY,EGY,1,1,4,6,383817841547.099,383.817841547099,0.015632415564151746
2020,Indonesia,INA,IDN,1,1,3,5,1059054842698.48,1059.05484269848,0.004721190818843679
2020,Ethiopia,ETH,ETH,1,1,2,4,107657732424.155,107.657732424155,0.0371547859120849
2020,Portugal,POR,PRT,1,1,2,4,229618773422.577,229.618773422577,0.017420178413019537
2020,Tunisia,TUN,TUN,1,1,0,2,42491780918.361,42.491780918361,0.04706792600297404
2020,Estonia,EST,EST,1,0,1,2,31820771493.8974,31.8207714938974,0.0628520273426922
2020,Fiji,FIJ,FJI,1,0,1,2,4432466219.87685,4.43246621987685,0.4512160726755786
2020,Latvia,LAT,LVA,1,0,1,2,33379927434.6149,33.3799274346149,0.059916247688603576
2020,Thailand,THA,THA,1,0,1,2,500461898480.246,500.46189848024596,0.003996308222610764
2020,Bermuda,BER,BMU,1,0,0,1,6887364000,6.887364,0.14519342959076942
2020,Morocco,MAR,MAR,1,0,0,1,121353645057.144,121.35364505714399,0.008240378766777972
2020,Puerto Rico,PUR,PRI,1,0,0,1,103130900000,103.1309,0.009696414944502569
2020,Colombia,COL,COL,0,4,1,5,270348342541.465,270.348342541465,0.01849465749631189
2020,Azerbaijan,AZE,AZE,0,3,4,7,42693000000,42.693,0.16396130513198887
2020,Dominican Republic,DOM,DOM,0,3,2,5,78546672406.8291,78.5466724068291,0.06365642040318036
2020,Armenia,ARM,ARM,0,2,2,4,12641698583.2152,12.6416985832152,0.3164131760988932
2020,Kyrgyzstan,KGZ,KGZ,0,2,1,3,8270468614.24051,8.27046861424051,0.36273639861645185
2020,Mongolia,MGL,MNG,0,1,3,4,13312981429.0891,13.312981429089099,0.30045861787652833
2020,Argentina,ARG,ARG,0,1,2,3,385740508436.965,385.740508436965,0.0077772490427725945
2020,San Marino,SMR,SMR,0,1,2,3,1544714493.24409,1.5447144932440902,1.942106462469729
2020,Jordan,JOR,JOR,0,1,1,2,43700383098.5916,43.7003830985916,0.045766189177056826
2020,Malaysia,MAS,MYS,0,1,1,2,337456163961.211,337.456163961211,0.005926695712187052
2020,Nigeria,NGR,NGA,0,1,1,2,432198898467.795,432.198898467795,0.004627499068346257
2020,Bahrain,BRN,BHR,0,1,0,1,35837632978.7234,35.8376329787234,0.027903628584892714
2020,Kingdom of Saudi Arabia,KSA,SAU,0,1,0,1,767951200000,767.9512,0.0013021660751360244
2020,Lithuania,LTU,LTU,0,1,0,1,57412038533.2718,57.4120385332718,0.017417949711374097
2020,Namibia,NAM,NAM,0,1,0,1,10583748541.5258,10.5837485415258,0.09448448213564942
2020,North Macedonia,MKD,MKD,0,1,0,1,12361036913.8409,12.3610369138409,0.0808993620009564
2020,Turkmenistan,TKM,TKM,0,1,0,1,45818000000,45.818,0.021825483434458073
2020,Kazakhstan,KAZ,KAZ,0,0,8,8,171082365861.423,171.082365861423,0.04676110223119087
2020,Mexico,MEX,MEX,0,0,4,4,1121064767401.51,1121.06476740151,0.003568036492014201
2020,Finland,FIN,FIN,0,0,2,2,270000311606.226,270.00031160622603,0.0074073988585496185
2020,Botswana,BOT,BWA,0,0,1,1,14960251610.8975,14.9602516108975,0.06684379554629748
2020,Burkina Faso,BUR,BFA,0,0,1,1,17725010532.5268,17.7250105325268,0.056417455897412344
2020,Cote d'Ivoire,CIV,CIV,0,0,1,1,63027852805.4204,63.0278528054204,0.015866001386517167
2020,Ghana,GHA,GHA,0,0,1,1,70008243859.8666,70.0082438598666,0.014284032063447699
2020,Grenada,GRN,GRD,0,0,1,1,1043411111.11111,1.04341111111111,0.9583950078268936
2020,Kuwait,KUW,KWT,0,0,1,1,111045470461.207,111.045470461207,0.009005320035537544
2020,Republic of Moldova,MDA,MDA,0,0,1,1,11530746234.4492,11.5307462344492,0.08672465594745334
2020,Syrian Arab Republic,SYR,SYR,0,0,1,1,12047752036.091,12.047752036091,0.08300303633444127
