Year,Country,NOC,iso3c,Gold,Silver,Bronze,Total_Medals,GDP
1960,United States,USA,USA,34,21,16,71,542390475099.326
1960,Italy,ITA,ITA,13,10,13,36,42012422612.3955
1960,Germany,GER,DEU,12,19,11,42,84619845881.2608
1960,Australia,AUS,AUS,8,8,6,22,18607682977.2293
1960,Turkey,TUR,TUR,7,2,0,9,7566666666.66667
1960,Japan,JPN,JPN,4,7,7,18,47419238274.4619
1960,Great Britain,GBR,GBR,2,6,12,20,73233967692.1028
1960,Denmark,DEN,DNK,2,3,1,6,6361166544.50349
1960,New Zealand,NZL,NZL,2,0,1,3,5536098360.49526
1960,Sweden,SWE,SWE,1,2,3,6,15930258332.069
1960,Finland,FIN,FIN,1,1,3,5,5279481824.12983
1960,Austria,AUT,AUT,1,1,0,2,6624086313.14334
1960,Pakistan,PAK,PAK,1,0,1,2,3749265014.69971
1960,Ethiopia,ETH,ETH,1,0,0,1,1610511693.84215
1960,Greece,GRE,GRC,1,0,0,1,4274890306.82895
1960,Norway,NOR,NOR,1,0,0,1,5197398721.41367
1960,Switzerland,SUI,CHE,0,3,3,6,10412232620.5258
1960,France,FRA,FRA,0,2,3,5,61756878990.3
1960,Belgium,BEL,BEL,0,2,2,4,11810619368.3874
1960,Islamic Republic of Iran,IRI,IRN,0,1,3,4,4199134389.90099
1960,Netherlands,NED,NLD,0,1,2,3,13282979014.563
1960,South Africa,RSA,ZAF,0,1,2,3,8748596500.5614
1960,Argentina,ARG,ARG,0,1,1,2,15865474315.4056
1960,Canada,CAN,CAN,0,1,0,1,40563768946.9503
1960,Ghana,GHA,GHA,0,1,0,1,1217230094.97205
1960,India,IND,IND,0,1,0,1,37029883876.1839
1960,Morocco,MAR,MAR,0,1,0,1,2037154741.93211
1960,Portugal,POR,PRT,0,1,0,1,3339150157.85605
1960,Singapore,SGP,SGP,0,1,0,1,704751700.302494
1960,Brazil,BRA,BRA,0,0,2,2,17030465539.3906
1960,Iraq,IRQ,IRQ,0,0,1,1,1537252193.09912
1960,Mexico,MEX,MEX,0,0,1,1,13040000000
1960,Spain,ESP,ESP,0,0,1,1,12424514013.7604
1960,Venezuela,VEN,VEN,0,0,1,1,7663938303.07172
1964,United States,USA,USA,36,26,28,90,685631590686.501
1964,Japan,JPN,JPN,16,5,8,29,87490590817.9803
1964,Germany,GER,DEU,10,22,18,50,123330404665.086
1964,Italy,ITA,ITA,10,10,7,27,65720771779.4768
1964,Australia,AUS,AUS,6,2,10,18,23801123808.1798
1964,Great Britain,GBR,GBR,4,12,2,18,94407558351.1616
1964,Finland,FIN,FIN,3,0,2,5,7848987792.54261
1964,New Zealand,NZL,NZL,3,0,2,5,7340766415.01868
1964,Netherlands,NED,NLD,2,4,4,10,20232048552.8327
1964,Turkey,TUR,TUR,2,3,1,6,11177777777.7778
1964,Sweden,SWE,SWE,2,2,4,8,22685750575.2235
1964,Denmark,DEN,DNK,2,1,3,6,9677401337.17309
1964,Belgium,BEL,BEL,2,0,1,3,16168044450.2523
1964,France,FRA,FRA,1,8,6,15,93079224076.2648
1964,Canada,CAN,CAN,1,2,1,4,49503663836.3665
1964,Switzerland,SUI,CHE,1,2,1,4,15833133857.6281
1964,Ethiopia,ETH,ETH,1,0,0,1,1984129185.6
1964,India,IND,IND,1,0,0,1,56480289940.9899
1964,The Bahamas,BAH,BHS,1,0,0,1,266560042.649607
1964,Republic of Korea,KOR,KOR,0,2,1,3,3459019942.79079
1964,Trinidad and Tobago,TTO,TTO,0,1,2,3,711897520.256199
1964,Tunisia,TUN,TUN,0,1,1,2,1025866792.15686
1964,Argentina,ARG,ARG,0,1,0,1,25605249381.7597
1964,Pakistan,PAK,PAK,0,1,0,1,5204955900.88198
1964,Philippines,PHI,PHL,0,1,0,1,5953756194.80988
1964,Islamic Republic of Iran,IRI,IRN,0,0,2,2,5379845647.69637
1964,Brazil,BRA,BRA,0,0,1,1,20963733694.9749
1964,Ghana,GHA,GHA,0,0,1,1,1731296199.52296
1964,Ireland,IRL,IRL,0,0,1,1,2851091646.43165
1964,Kenya,KEN,KEN,0,0,1,1,998759334.496266
1964,Mexico,MEX,MEX,0,0,1,1,20080000000
1964,Nigeria,NGR,NGA,0,0,1,1,5552931318.82747
1964,Uruguay,URU,URY,0,0,1,1,1975701816.46615
1968,United States,USA,USA,45,28,34,107,941639100803.844
1968,Japan,JPN,JPN,11,7,7,25,156897496759.128
1968,Hungary,HUN,HUN,10,10,12,32,4886222554.66355
1968,France,FRA,FRA,7,3,5,15,128427504709.055
1968,Australia,AUS,AUS,5,7,5,17,32714085234.2536
1968,Great Britain,GBR,GBR,5,5,3,13,107759910067.889
1968,Italy,ITA,ITA,3,4,9,16,91485448147.84
1968,Kenya,KEN,KEN,3,4,2,9,1353295458.68182
1968,Mexico,MEX,MEX,3,3,3,9,29360000000
1968,Netherlands,NED,NLD,3,3,1,7,30097635750.982
1968,Islamic Republic of Iran,IRI,IRN,2,1,2,5,8623172959.89439
1968,Sweden,SWE,SWE,2,1,1,4,31278230633.5785
1968,Turkey,TUR,TUR,2,0,0,2,17500000000
1968,Denmark,DEN,DNK,1,4,3,8,13505574133.3333
1968,Canada,CAN,CAN,1,3,1,5,72048833006.1602
1968,Finland,FIN,FIN,1,2,1,4,8916565040.54632
1968,Ethiopia,ETH,ETH,1,1,0,2,2619948864.8
1968,Norway,NOR,NOR,1,1,0,2,10227087165.2414
1968,New Zealand,NZL,NZL,1,0,2,3,5228045415.27318
1968,Tunisia,TUN,TUN,1,0,1,2,1214666666.66667
1968,Pakistan,PAK,PAK,1,0,0,1,8041999160.0168
1968,Venezuela,VEN,VEN,1,0,0,1,10034444444.4444
1968,Austria,AUT,AUT,0,2,2,4,12499863917.1003
1968,Switzerland,SUI,CHE,0,1,4,5,20712102793.8026
1968,Brazil,BRA,BRA,0,1,2,3,33930457425.2613
1968,Belgium,BEL,BEL,0,1,1,2,21654856965.4281
1968,Republic of Korea,KOR,KOR,0,1,1,2,6119394892.37109
1968,Uganda,UGA,UGA,0,1,1,2,1037379252.41495
1968,Cameroon,CMR,CMR,0,1,0,1,1046191217.79942
1968,Jamaica,JAM,JAM,0,1,0,1,1083839132.92869
1968,Argentina,ARG,ARG,0,0,2,2,26436857247.4982
1968,Greece,GRE,GRC,0,0,1,1,9950331205.83108
1968,India,IND,IND,0,0,1,1,53085455870.6667
1972,United States,USA,USA,33,31,30,94,1279110000000
1972,Japan,JPN,JPN,13,8,8,29,324933841268.585
1972,Australia,AUS,AUS,8,7,2,17,52042056074.7664
1972,Hungary,HUN,HUN,6,13,16,35,7379313742.13684
1972,Italy,ITA,ITA,5,3,10,18,145594833997.344
1972,Sweden,SWE,SWE,4,6,6,16,48883734671.5941
1972,Great Britain,GBR,GBR,4,5,9,18,169965034965.035
1972,Cuba,CUB,CUB,3,1,4,8,8135150891.92025
1972,Finland,FIN,FIN,3,1,4,8,14744499569.8308
1972,Netherlands,NED,NLD,3,1,1,5,54787070173.0294
1972,France,FRA,FRA,2,4,7,13,201621751625.488
1972,Kenya,KEN,KEN,2,3,4,9,2107279157.08834
1972,Norway,NOR,NOR,2,1,1,4,17358610849.701
1972,New Zealand,NZL,NZL,1,1,1,3,9567331064.65727
1972,Uganda,UGA,UGA,1,1,0,2,1490970180.59639
1972,Denmark,DEN,DNK,1,0,0,1,23230667549.2496
1972,Switzerland,SUI,CHE,0,3,0,3,36844318854.2403
1972,Canada,CAN,CAN,0,2,3,5,113463848873.624
1972,Islamic Republic of Iran,IRI,IRN,0,2,1,3,17153463263.1023
1972,Belgium,BEL,BEL,0,2,0,2,37209418018.5134
1972,Greece,GRE,GRC,0,2,0,2,16650659090.9091
1972,Austria,AUT,AUT,0,1,2,3,21973207929.0434
1972,Colombia,COL,COL,0,1,2,3,8671358732.68486
1972,Argentina,ARG,ARG,0,1,0,1,34733000536.2862
1972,Mexico,MEX,MEX,0,1,0,1,45200000000
1972,Pakistan,PAK,PAK,0,1,0,1,9415016359.56604
1972,Republic of Korea,KOR,KOR,0,1,0,1,10862211760.8252
1972,Tunisia,TUN,TUN,0,1,0,1,2237556148.51085
1972,Turkey,TUR,TUR,0,1,0,1,20650000000
1972,Brazil,BRA,BRA,0,0,2,2,58434858374.8696
1972,Ethiopia,ETH,ETH,0,0,2,2,3520252938.26087
1972,Ghana,GHA,GHA,0,0,1,1,2112293279.98507
1972,India,IND,IND,0,0,1,1,71464700666.9869
1972,Jamaica,JAM,JAM,0,0,1,1,1875146587.4443
1972,Niger,NIG,NER,0,0,1,1,742779660.818693
1972,Nigeria,NGR,NGA,0,0,1,1,12274416017.7976
1972,Spain,ESP,ESP,0,0,1,1,59090176028.993
1976,United States,USA,USA,34,35,25,94,1873412000000
1976,Japan,JPN,JPN,9,6,10,25,598883902155.605
1976,Cuba,CUB,CUB,6,4,3,13,13789579902.5579
1976,Hungary,HUN,HUN,4,5,13,22,13235612078.8396
1976,Finland,FIN,FIN,4,2,0,6,31852352669.6415
1976,Sweden,SWE,SWE,4,1,0,5,89233541403.6135
1976,Great Britain,GBR,GBR,3,5,5,13,232614555256.065
1976,Italy,ITA,ITA,2,7,4,13,225235205861.828
1976,France,FRA,FRA,2,3,4,9,368488292816.171
1976,New Zealand,NZL,NZL,2,1,1,4,13604832424.0062
1976,Republic of Korea,KOR,KOR,1,1,4,6,29902479338.843
1976,Switzerland,SUI,CHE,1,1,2,4,68476524643.943
1976,Jamaica,JAM,JAM,1,1,0,2,2966042856.04286
1976,Norway,NOR,NOR,1,1,0,2,35942270686.3374
1976,Denmark,DEN,DNK,1,0,2,3,44503607444.1687
1976,Mexico,MEX,MEX,1,0,1,2,88875923765.072
1976,Trinidad and Tobago,TTO,TTO,1,0,0,1,2500424955.23006
1976,Canada,CAN,CAN,0,5,6,11,207271612576.065
1976,Belgium,BEL,BEL,0,3,3,6,71113882967.6071
1976,Netherlands,NED,NLD,0,2,3,5,109329386564.427
1976,Portugal,POR,PRT,0,2,0,2,20332831564.9867
1976,Spain,ESP,ESP,0,2,0,2,118422534195.474
1976,Australia,AUS,AUS,0,1,4,5,105060616984.856
1976,Islamic Republic of Iran,IRI,IRN,0,1,1,2,68055295080.7542
1976,Venezuela,VEN,VEN,0,1,0,1,31419534883.7209
1976,Brazil,BRA,BRA,0,0,2,2,153168949208.207
1976,Austria,AUT,AUT,0,0,1,1,42791707448.0325
1976,Bermuda,BER,BMU,0,0,1,1,386300000
1976,Pakistan,PAK,PAK,0,0,1,1,13168080808.0808
1976,Puerto Rico,PUR,PRI,0,0,1,1,8968600000
1976,Thailand,THA,THA,0,0,1,1,16985208648.2112
1980,Bulgaria,BUL,BGR,8,16,17,41,19839230769.2308
1980,Cuba,CUB,CUB,8,7,5,20,19912889861.1111
1980,Italy,ITA,ITA,8,3,4,15,478356755595.749
1980,Hungary,HUN,HUN,7,10,15,32,23116977148.0216
1980,France,FRA,FRA,6,5,3,14,694529183483.39
1980,Great Britain,GBR,GBR,5,7,9,21,564947710899.373
1980,Sweden,SWE,SWE,3,3,6,12,141887695763.193
1980,Finland,FIN,FIN,3,1,4,8,53649984061.205
1980,Australia,AUS,AUS,2,2,5,9,149987743732.591
1980,Denmark,DEN,DNK,2,1,2,5,70811287815.6106
1980,Brazil,BRA,BRA,2,0,2,4,237393489892.637
1980,Ethiopia,ETH,ETH,2,0,2,4,7012585454.10628
1980,Switzerland,SUI,CHE,2,0,0,2,122557843886.137
1980,Spain,ESP,ESP,1,3,2,6,232600556973.776
1980,Austria,AUT,AUT,1,2,1,4,81737498404.5948
1980,Greece,GRE,GRC,1,0,2,3,56039256594.7242
1980,Belgium,BEL,BEL,1,0,0,1,126829314388.191
1980,India,IND,IND,1,0,0,1,186328579302.068
1980,Zimbabwe,ZIM,ZWE,1,0,0,1,6678868737.77157
1980,Mongolia,MGL,MNG,0,2,2,4,2101394100
1980,United Republic of Tanzania,TAN,TZA,0,2,0,2,11409228086.7463
1980,Mexico,MEX,MEX,0,1,3,4,205577055465.993
1980,Netherlands,NED,NLD,0,1,2,3,195439301706.939
1980,Ireland,IRL,IRL,0,1,1,2,21747855640.0712
1980,Uganda,UGA,UGA,0,1,0,1,1244610000
1980,Venezuela,VEN,VEN,0,1,0,1,59116511627.907
1980,Jamaica,JAM,JAM,0,0,3,3,2679379371.51261
1980,Guyana,GUY,GUY,0,0,1,1,603200000
1984,United States,USA,USA,83,61,30,174,4037613000000
1984,People's Republic of China,CHN,CHN,15,8,9,32,260442857142.857
1984,Italy,ITA,ITA,14,6,12,32,438896930791.272
1984,Canada,CAN,CAN,10,18,16,44,356718400123.543
1984,Japan,JPN,JPN,10,8,14,32,1345824500836.76
1984,New Zealand,NZL,NZL,8,1,2,11,21665975318.8842
1984,Republic of Korea,KOR,KOR,6,6,7,19,97510744119.1162
1984,Great Britain,GBR,GBR,5,11,21,37,461487097632.349
1984,France,FRA,FRA,5,7,16,28,525033325827.516
1984,Netherlands,NED,NLD,5,2,6,13,144124462912.088
1984,Australia,AUS,AUS,4,8,12,24,193525337525.765
1984,Finland,FIN,FIN,4,2,6,12,52870993272.6553
1984,Sweden,SWE,SWE,2,11,6,19,109044297250.901
1984,Mexico,MEX,MEX,2,3,1,6,184230754105.394
1984,Morocco,MAR,MAR,2,0,0,2,14824667954.3674
1984,Brazil,BRA,BRA,1,5,2,8,188339974086.58
1984,Spain,ESP,ESP,1,2,2,5,171979977230.387
1984,Belgium,BEL,BEL,1,1,2,4,83349530159.1734
1984,Austria,AUT,AUT,1,1,1,3,67719055773.3306
1984,Kenya,KEN,KEN,1,0,2,3,6191437070.18411
1984,Portugal,POR,PRT,1,0,2,3,25217969049.5755
1984,Pakistan,PAK,PAK,1,0,0,1,31151825467.4978
1984,Switzerland,SUI,CHE,0,4,4,8,109455312167.511
1984,Denmark,DEN,DNK,0,3,3,6,58868891334.9941
1984,Jamaica,JAM,JAM,0,1,2,3,2373564549.4932
1984,Norway,NOR,NOR,0,1,2,3,62057955032.7758
1984,Greece,GRE,GRC,0,1,1,2,47352146311.971
1984,Nigeria,NGR,NGA,0,1,1,2,73484359521.4887
1984,Puerto Rico,PUR,PRI,0,1,1,2,19162600000
1984,Colombia,COL,COL,0,1,0,1,38253120737.9671
1984,Cote d'Ivoire,CIV,CIV,0,1,0,1,6841639246.8996
1984,Egypt,EGY,EGY,0,1,0,1,33971188991.6147
1984,Ireland,IRL,IRL,0,1,0,1,20106648454.8404
1984,Peru,PER,PER,0,1,0,1,17600400384.5073
1984,Syrian Arab Republic,SYR,SYR,0,1,0,1,17503078174.0039
1984,Thailand,THA,THA,0,1,0,1,41797647775.6238
1984,Turkey,TUR,TUR,0,0,3,3,59937602179.8365
1984,Venezuela,VEN,VEN,0,0,3,3,59867743467.9335
1984,Algeria,ALG,DZA,0,0,2,2,53698548293.0745
1984,Cameroon,CMR,CMR,0,0,1,1,7311938026.36713
1984,Dominican Republic,DOM,DOM,0,0,1,1,11594000000
1984,Iceland,ISL,ISL,0,0,1,1,2864441387.40507
1984,Zambia,ZAM,ZMB,0,0,1,1,2719518932.99541
1988,United States,USA,USA,36,31,27,94,5236438000000
1988,Republic of Korea,KOR,KOR,12,10,11,33,199591287824.777
1988,Hungary,HUN,HUN,11,6,6,23,29799838597.4079
1988,Bulgaria,BUL,BGR,10,12,13,35,22555941176.4706
1988,Romania,ROU,ROU,7,11,6,24,40424528301.8868
1988,France,FRA,FRA,6,4,6,16,1010827662151.75
1988,Italy,ITA,ITA,6,4,4,14,893663934840.821
1988,People's Republic of China,CHN,CHN,5,11,12,28,312888888888.889
1988,Great Britain,GBR,GBR,5,10,9,24,910122732123.799
1988,Kenya,KEN,KEN,5,2,2,9,8355380879.12955
1988,Japan,JPN,JPN,4,3,7,14,3125724434400.79
1988,Australia,AUS,AUS,3,6,5,14,236161314544.153
1988,New Zealand,NZL,NZL,3,2,8,13,45176811594.2029
1988,Canada,CAN,CAN,3,2,5,10,509380027626.554
1988,Norway,NOR,NOR,2,3,0,5,101900260856.222
1988,Netherlands,NED,NLD,2,2,5,9,262295966105.474
1988,Denmark,DEN,DNK,2,1,1,4,115540189705.118
1988,Brazil,BRA,BRA,1,2,3,6,307881930752.268
1988,Finland,FIN,FIN,1,1,2,4,109039090262.971
1988,Spain,ESP,ESP,1,1,2,4,375891716897.586
1988,Turkey,TUR,TUR,1,1,0,2,90875175808.7201
1988,Morocco,MAR,MAR,1,0,2,3,25705296183.5037
1988,Austria,AUT,AUT,1,0,0,1,132817124707.456
1988,Portugal,POR,PRT,1,0,0,1,56347250696.3788
1988,Suriname,SUR,SUR,1,0,0,1,1161000000
1988,Sweden,SWE,SWE,0,4,7,11,206688963474.344
1988,Switzerland,SUI,CHE,0,2,2,4,215540625298.982
1988,Jamaica,JAM,JAM,0,2,0,2,3828342820.3494
1988,Argentina,ARG,ARG,0,1,1,2,126890235049.092
1988,Chile,CHI,CHL,0,1,0,1,26174858613.8456
1988,Costa Rica,CRC,CRI,0,1,0,1,4614629898.40348
1988,Indonesia,INA,IDN,0,1,0,1,84300174485.7973
1988,Islamic Republic of Iran,IRI,IRN,0,1,0,1,123057861333.91
1988,Peru,PER,PER,0,1,0,1,15439408447.2
1988,Senegal,SEN,SEN,0,1,0,1,6418419388.63499
1988,Belgium,BEL,BEL,0,0,2,2,162299103675.261
1988,Mexico,MEX,MEX,0,0,2,2,181611150496.787
1988,Colombia,COL,COL,0,0,1,1,39212550050.4223
1988,Djibouti,DJI,DJI,0,0,1,1,395794538.630775
1988,Greece,GRE,GRC,0,0,1,1,75200610136.9205
1988,Mongolia,MGL,MNG,0,0,1,1,3204461566.66667
1988,Pakistan,PAK,PAK,0,0,1,1,38472742808.3167
1988,Philippines,PHI,PHL,0,0,1,1,43152128958.6116
1988,Thailand,THA,THA,0,0,1,1,61667253471.3736
1992,United States,USA,USA,37,34,37,108,6520327000000
1992,Germany,GER,DEU,33,21,28,82,2141377582968.07
1992,People's Republic of China,CHN,CHN,16,22,16,54,428502354788.069
1992,Cuba,CUB,CUB,14,6,11,31,22085858243.2432
1992,Spain,ESP,ESP,13,7,2,22,630465353486.104
1992,Republic of Korea,KOR,KOR,12,5,12,29,355524903068.056
1992,Hungary,HUN,HUN,11,12,7,30,38857339124.9084
1992,France,FRA,FRA,8,5,16,29,1389663073110.28
1992,Australia,AUS,AUS,7,9,11,27,325525379566.838
1992,Canada,CAN,CAN,7,4,7,18,594387358318.855
1992,Italy,ITA,ITA,6,5,8,19,1323204350353.5
1992,Great Britain,GBR,GBR,5,3,12,20,1179659529659.53
1992,Romania,ROU,ROU,4,6,8,18,25121666666.6667
1992,Japan,JPN,JPN,3,8,11,22,3980702922117.66
1992,Bulgaria,BUL,BGR,3,7,6,16,8602887622.63828
1992,Poland,POL,POL,3,6,10,19,94337050693.2727
1992,Netherlands,NED,NLD,2,6,7,15,363497050125.313
1992,Kenya,KEN,KEN,2,4,2,8,8209120763.04955
1992,Norway,NOR,NOR,2,4,1,7,130838040067.584
1992,Turkey,TUR,TUR,2,2,2,6,159104772991.851
1992,Indonesia,INA,IDN,2,2,1,5,128026966579.964
1992,Brazil,BRA,BRA,2,1,0,3,328191909882.232
1992,Greece,GRE,GRC,2,0,0,2,114608178405.434
1992,Sweden,SWE,SWE,1,7,4,12,283912173666.678
1992,New Zealand,NZL,NZL,1,4,5,10,41649829859.6342
1992,Finland,FIN,FIN,1,2,2,5,112537828510.751
1992,Denmark,DEN,DNK,1,1,4,6,152966494259.538
1992,Morocco,MAR,MAR,1,1,1,3,33711069430.78
1992,Ireland,IRL,IRL,1,1,0,2,55918538121.3989
1992,Ethiopia,ETH,ETH,1,0,2,3,10754799036.5745
1992,Algeria,ALG,DZA,1,0,1,2,48003133346.9957
1992,Switzerland,SUI,CHE,1,0,0,1,279921425828.474
1992,Jamaica,JAM,JAM,0,3,1,4,3535460089.80719
1992,Nigeria,NGR,NGA,0,3,1,4,52058181853.8055
1992,Austria,AUT,AUT,0,2,0,2,194314032056.098
1992,Namibia,NAM,NAM,0,2,0,2,3429521699.4026
1992,South Africa,RSA,ZAF,0,2,0,2,146956150986.636
1992,Belgium,BEL,BEL,0,1,2,3,234781652446.675
1992,Croatia,CRO,HRV,0,1,2,3,10621169290.9986
1992,Islamic Republic of Iran,IRI,IRN,0,1,2,3,119768691216.667
1992,Israel,ISR,ISR,0,1,1,2,79457685757.166
1992,Mexico,MEX,MEX,0,1,0,1,363157832923.734
1992,Peru,PER,PER,0,1,0,1,35966302303.263
1992,Mongolia,MGL,MNG,0,0,2,2,1317611863.84977
1992,Slovenia,SLO,SVN,0,0,2,2,14277261540.7456
1992,Argentina,ARG,ARG,0,0,1,1,228778917308.17
1992,Colombia,COL,COL,0,0,1,1,58394443377.5416
1992,Ghana,GHA,GHA,0,0,1,1,6416103925.83267
1992,Malaysia,MAS,MYS,0,0,1,1,59167550162.956
1992,Pakistan,PAK,PAK,0,0,1,1,48884671947.4657
1992,Philippines,PHI,PHL,0,0,1,1,60422328242.1803
1992,Puerto Rico,PUR,PRI,0,0,1,1,34630430000
1992,Qatar,QAT,QAT,0,0,1,1,7646153983.51648
1992,Suriname,SUR,SUR,0,0,1,1,404600000
1992,Thailand,THA,THA,0,0,1,1,111452746517.655
1992,The Bahamas,BAH,BHS,0,0,1,1,3109000000
1996,United States,USA,USA,44,32,25,101,8073122000000
1996,Russian Federation,RUS,RUS,26,21,16,63,391724890744.498
1996,Germany,GER,DEU,20,18,27,65,2506576553158.31
1996,People's Republic of China,CHN,CHN,16,22,12,50,868523936530.083
1996,France,FRA,FRA,15,7,15,37,1598889216566.23
1996,Italy,ITA,ITA,13,10,12,35,1314776508972.27
1996,Australia,AUS,AUS,9,9,23,41,401341880620.728
1996,Cuba,CUB,CUB,9,8,8,25,25017368700
1996,Ukraine,UKR,UKR,9,2,12,23,44558831005.0621
1996,Republic of Korea,KOR,KOR,7,15,5,27,610167053824.007
1996,Poland,POL,POL,7,5,5,17,160813026223.063
1996,Hungary,HUN,HUN,7,4,10,21,46833767123.6915
1996,Spain,ESP,ESP,5,6,6,17,642251412058.321
1996,Romania,ROU,ROU,4,7,9,20,36937074278.3004
1996,Netherlands,NED,NLD,4,5,10,19,451372549019.608
1996,Greece,GRE,GRC,4,4,0,8,142502984144.96
1996,Czechia,CZE,CZE,4,3,4,11,67804105329.8557
1996,Switzerland,SUI,CHE,4,3,0,7,340103959546.926
1996,Denmark,DEN,DNK,4,1,1,6,187481157845.724
1996,Turkey,TUR,TUR,4,1,1,6,181464408820.097
1996,Canada,CAN,CAN,3,11,8,22,630607994132.747
1996,Bulgaria,BUL,BGR,3,7,5,15,12294964837.6235
1996,Japan,JPN,JPN,3,6,5,14,4923391533851.63
1996,Kazakhstan,KAZ,KAZ,3,4,4,11,21035357936.8796
1996,Brazil,BRA,BRA,3,3,9,15,850426432991.742
1996,New Zealand,NZL,NZL,3,2,1,6,70140835299.0148
1996,South Africa,RSA,ZAF,3,1,1,5,163234925380.563
1996,Ireland,IRL,IRL,3,0,1,4,75790785030.2419
1996,Sweden,SWE,SWE,2,4,2,8,291952430659.111
1996,Norway,NOR,NOR,2,2,3,7,163520109150.671
1996,Belgium,BEL,BEL,2,2,2,6,279201433224.756
1996,Nigeria,NGR,NGA,2,1,3,6,185730236700
1996,Algeria,ALG,DZA,2,0,1,3,46941554225.3581
1996,Ethiopia,ETH,ETH,2,0,1,3,8761215548.48614
1996,Great Britain,GBR,GBR,1,8,6,15,1419645865834.63
1996,Belarus,BLR,BLR,1,6,8,15,14756846153.8462
1996,Kenya,KEN,KEN,1,4,3,8,12045865396.1323
1996,Jamaica,JAM,JAM,1,3,2,6,7393891920.80358
1996,Finland,FIN,FIN,1,2,1,4,131991975148.848
1996,Indonesia,INA,IDN,1,1,2,4,227369679374.973
1996,Islamic Republic of Iran,IRI,IRN,1,1,1,3,120403931883.348
1996,Slovakia,SVK,SVK,1,1,1,3,28197790874.5247
1996,Armenia,ARM,ARM,1,1,0,2,1596968946.23708
1996,Croatia,CRO,HRV,1,1,0,2,24150978346.5253
1996,Portugal,POR,PRT,1,0,1,2,122630089680.27
1996,Thailand,THA,THA,1,0,1,2,183035237429.281
1996,Burundi,BDI,BDI,1,0,0,1,869033856.317093
1996,Costa Rica,CRC,CRI,1,0,0,1,11678424507.2457
1996,Ecuador,ECU,ECU,1,0,0,1,25226393196.5983
1996,"Hong Kong, China",HKG,HKG,1,0,0,1,159718183550.734
1996,Syrian Arab Republic,SYR,SYR,1,0,0,1,13789560878.2435
1996,Argentina,ARG,ARG,0,2,1,3,272149750000
1996,Namibia,NAM,NAM,0,2,0,2,3989163196.56767
1996,Slovenia,SLO,SVN,0,2,0,2,21470699362.6062
1996,Austria,AUT,AUT,0,1,2,3,235952581232.129
1996,Malaysia,MAS,MYS,0,1,1,2,100855393910.486
1996,Republic of Moldova,MDA,MDA,0,1,1,2,1695122173.91304
1996,Uzbekistan,UZB,UZB,0,1,1,2,13948892215.5689
1996,Azerbaijan,AZE,AZE,0,1,0,1,3176507376.31836
1996,Latvia,LAT,LVA,0,1,0,1,5799465288.41246
1996,Philippines,PHI,PHL,0,1,0,1,94648084429.0341
1996,The Bahamas,BAH,BHS,0,1,0,1,3609000000
1996,Tonga,TGA,TON,0,1,0,1,222100576.345483
1996,Zambia,ZAM,ZMB,0,1,0,1,3597220962.00017
1996,Georgia,GEO,GEO,0,0,2,2,3094936177.1918
1996,Morocco,MAR,MAR,0,0,2,2,43161571527.6353
1996,Trinidad and Tobago,TTO,TTO,0,0,2,2,5759570336.11287
1996,India,IND,IND,0,0,1,1,392896866204.516
1996,Israel,ISR,ISR,0,0,1,1,115116595544.694
1996,Lithuania,LTU,LTU,0,0,1,1,8430207164.43677
1996,Mexico,MEX,MEX,0,0,1,1,432157945024.428
1996,Mongolia,MGL,MNG,0,0,1,1,1345719472.35883
1996,Mozambique,MOZ,MOZ,0,0,1,1,4030146134.5706
1996,Puerto Rico,PUR,PRI,0,0,1,1,45340835000
1996,Tunisia,TUN,TUN,0,0,1,1,19587161806.7655
1996,Uganda,UGA,UGA,0,0,1,1,6044585326.938
2000,United States,USA,USA,37,24,32,93,10250952000000
2000,Russian Federation,RUS,RUS,32,28,29,89,259710142196.943
2000,People's Republic of China,CHN,CHN,28,16,14,58,1223754919971.05
2000,Australia,AUS,AUS,16,25,17,58,416167815092.908
2000,Germany,GER,DEU,13,17,26,56,1966980701145.1
2000,France,FRA,FRA,13,14,11,38,1360959069477.49
2000,Italy,ITA,ITA,13,8,13,34,1149661363439.38
2000,Netherlands,NED,NLD,12,9,4,25,417649282153.726
2000,Cuba,CUB,CUB,11,11,7,29,30565400000
2000,Great Britain,GBR,GBR,11,10,7,28,1665534876683.31
2000,Romania,ROU,ROU,11,6,9,26,37253739511.1273
2000,Republic of Korea,KOR,KOR,8,10,10,28,576179387819.613
2000,Hungary,HUN,HUN,8,6,3,17,47275954428.9586
2000,Poland,POL,POL,6,5,3,14,172953527033.013
2000,Japan,JPN,JPN,5,8,5,18,4968359075956.59
2000,Bulgaria,BUL,BGR,5,6,2,13,13245990274.4581
2000,Greece,GRE,GRC,4,6,3,13,125760166224.805
2000,Sweden,SWE,SWE,4,5,3,12,262905197441.662
2000,Norway,NOR,NOR,4,3,3,10,171457201935.968
2000,Ethiopia,ETH,ETH,4,1,3,8,8242349617.8638
2000,Ukraine,UKR,UKR,3,10,10,23,32375083934.8241
2000,Kazakhstan,KAZ,KAZ,3,4,0,7,18291990662.0356
2000,Belarus,BLR,BLR,3,3,11,17,12736780455.1539
2000,Canada,CAN,CAN,3,3,8,14,744773415931.587
2000,Spain,ESP,ESP,3,3,5,11,598102854756.08
2000,Turkey,TUR,TUR,3,0,2,5,274294623164.043
2000,Islamic Republic of Iran,IRI,IRN,3,0,1,4,109591707801.431
2000,Czechia,CZE,CZE,2,3,3,8,62175642238.0847
2000,Kenya,KEN,KEN,2,3,2,7,12705350097.8044
2000,Denmark,DEN,DNK,2,3,1,6,164043817223.59
2000,Finland,FIN,FIN,2,1,1,4,125967821110.589
2000,Austria,AUT,AUT,2,1,0,3,196181599831.287
2000,Lithuania,LTU,LTU,2,0,3,5,11550695727.2335
2000,Azerbaijan,AZE,AZE,2,0,1,3,5272615722.96892
2000,The Bahamas,BAH,BHS,2,0,1,3,8076470000
2000,Slovenia,SLO,SVN,2,0,0,2,20159190701.6789
2000,Switzerland,SUI,CHE,1,6,2,9,279216033870.204
2000,Indonesia,INA,IDN,1,3,2,6,165021012077.81
2000,Slovakia,SVK,SVK,1,3,1,5,29215726004.7765
2000,Mexico,MEX,MEX,1,2,3,6,742061329749.127
2000,Nigeria,NGR,NGA,1,2,0,3,69171451627.2465
2000,Algeria,ALG,DZA,1,1,3,5,54790398570.3282
2000,Uzbekistan,UZB,UZB,1,1,2,4,13760513969.314
2000,Latvia,LAT,LVA,1,1,1,3,7761252607.18424
2000,New Zealand,NZL,NZL,1,0,3,4,52623281956.7031
2000,Estonia,EST,EST,1,0,2,3,5686579747.53524
2000,Thailand,THA,THA,1,0,2,3,126392224253.794
2000,Croatia,CRO,HRV,1,0,1,2,22134411297.473
2000,Cameroon,CMR,CMR,1,0,0,1,10566579294.9831
2000,Colombia,COL,COL,1,0,0,1,99875074951.0278
2000,Mozambique,MOZ,MOZ,1,0,0,1,5930685214.61595
2000,Brazil,BRA,BRA,0,6,6,12,655448231983.527
2000,Jamaica,JAM,JAM,0,6,3,9,9005064474.93003
2000,Belgium,BEL,BEL,0,2,3,5,236792460312.471
2000,South Africa,RSA,ZAF,0,2,3,5,151752757215.309
2000,Argentina,ARG,ARG,0,2,2,4,284203750000
2000,Morocco,MAR,MAR,0,1,4,5,43017455401.8445
2000,Kingdom of Saudi Arabia,KSA,SAU,0,1,1,2,189514933333.333
2000,Republic of Moldova,MDA,MDA,0,1,1,2,1288429391.79951
2000,Trinidad and Tobago,TTO,TTO,0,1,1,2,8154342116.10311
2000,Ireland,IRL,IRL,0,1,0,1,100207610429.909
2000,Sri Lanka,SRI,LKA,0,1,0,1,16330814179.9766
2000,Uruguay,URU,URY,0,1,0,1,22823270892.1094
2000,Vietnam,VIE,VNM,0,1,0,1,31172518403.3162
2000,Georgia,GEO,GEO,0,0,6,6,3057475335.18846
2000,Costa Rica,CRC,CRI,0,0,2,2,15013629661.8969
2000,Portugal,POR,PRT,0,0,2,2,118605192877.388
2000,Armenia,ARM,ARM,0,0,1,1,1911563668.85006
2000,Barbados,BAR,BRB,0,0,1,1,3059500000
2000,Chile,CHI,CHL,0,0,1,1,78339750721.364
2000,Iceland,ISL,ISL,0,0,1,1,9025660361.75842
2000,India,IND,IND,0,0,1,1,468395521654.458
2000,Israel,ISR,ISR,0,0,1,1,136512300542.025
2000,Kuwait,KUW,KWT,0,0,1,1,37718743480.0751
2000,Kyrgyzstan,KGZ,KGZ,0,0,1,1,1369688498.06778
2000,North Macedonia,MKD,MKD,0,0,1,1,3772859034.20508
2000,Qatar,QAT,QAT,0,0,1,1,17759890109.8901
2004,United States,USA,USA,36,39,26,101,12217196000000
2004,People's Republic of China,CHN,CHN,32,17,14,63,1984196551300.44
2004,Russian Federation,RUS,RUS,28,26,36,90,591016690732.385
2004,Australia,AUS,AUS,17,16,17,50,614659980082.515
2004,Japan,JPN,JPN,16,9,12,37,4893116005656.56
2004,Germany,GER,DEU,13,16,20,49,2852317768061.78
2004,France,FRA,FRA,11,9,13,33,2109792297237.03
2004,Italy,ITA,ITA,10,11,11,32,1812808753294.75
2004,Republic of Korea,KOR,KOR,9,12,9,30,793175561887.027
2004,Great Britain,GBR,GBR,9,9,12,30,2421525082387.4
2004,Cuba,CUB,CUB,9,7,11,27,38203000000
2004,Hungary,HUN,HUN,8,6,3,17,104015363080.271
2004,Ukraine,UKR,UKR,8,5,9,22,67220154164.3166
2004,Romania,ROU,ROU,8,5,6,19,74973656851.8076
2004,Greece,GRE,GRC,6,6,4,16,234979615898.225
2004,Brazil,BRA,BRA,5,2,3,10,669289424806.307
2004,Norway,NOR,NOR,5,0,1,6,265268662473.297
2004,Netherlands,NED,NLD,4,9,9,22,661224886143.245
2004,Sweden,SWE,SWE,4,2,1,7,384547211147.247
2004,Spain,ESP,ESP,3,11,6,20,1069829382514.67
2004,Canada,CAN,CAN,3,6,3,12,1026690238278.25
2004,Turkey,TUR,TUR,3,3,4,10,408865430220.331
2004,Poland,POL,POL,3,2,5,10,256268656145.134
2004,New Zealand,NZL,NZL,3,2,0,5,103905210084.034
2004,Thailand,THA,THA,3,1,4,8,172895685154.658
2004,Belarus,BLR,BLR,2,5,6,13,23141566292.9462
2004,Austria,AUT,AUT,2,4,1,7,299210411454.823
2004,Ethiopia,ETH,ETH,2,3,2,7,10131187261.4421
2004,Islamic Republic of Iran,IRI,IRN,2,2,2,6,187754571246.703
2004,Slovakia,SVK,SVK,2,2,2,6,57215475076.2986
2004,Georgia,GEO,GEO,2,2,0,4,5125365191.98664
2004,Bulgaria,BUL,BGR,2,1,9,12,26157743368.8716
2004,Denmark,DEN,DNK,2,1,5,8,251986155630.852
2004,Jamaica,JAM,JAM,2,1,2,5,10174664853.9476
2004,Uzbekistan,UZB,UZB,2,1,2,5,12030023547.8807
2004,Morocco,MAR,MAR,2,1,0,3,66114145451.0067
2004,Argentina,ARG,ARG,2,0,4,6,164657930452.787
2004,Chile,CHI,CHL,2,0,1,3,99075985773.6682
2004,Kazakhstan,KAZ,KAZ,1,4,3,8,43151647002.6096
2004,Kenya,KEN,KEN,1,4,2,7,16095337093.8366
2004,Czechia,CZE,CZE,1,3,5,9,120147899983.657
2004,South Africa,RSA,ZAF,1,3,2,6,255806908594.573
2004,Croatia,CRO,HRV,1,2,2,5,41836292157.3335
2004,Lithuania,LTU,LTU,1,2,0,3,22743164431.1972
2004,Egypt,EGY,EGY,1,1,3,5,78782467532.4675
2004,Switzerland,SUI,CHE,1,1,3,5,403912891033.374
2004,Indonesia,INA,IDN,1,1,2,4,256836875295.452
2004,Zimbabwe,ZIM,ZWE,1,1,1,3,5805598867.45729
2004,Azerbaijan,AZE,AZE,1,0,4,5,8680405740.94125
2004,Belgium,BEL,BEL,1,0,2,3,369214712443.206
2004,Israel,ISR,ISR,1,0,1,2,140047984605.087
2004,The Bahamas,BAH,BHS,1,0,1,2,9055290000
2004,Cameroon,CMR,CMR,1,0,0,1,18826214135.6419
2004,Dominican Republic,DOM,DOM,1,0,0,1,22322387382.494
2004,United Arab Emirates,UAE,ARE,1,0,0,1,147824370319.946
2004,Latvia,LAT,LVA,0,4,0,4,13827070378.5612
2004,Mexico,MEX,MEX,0,3,1,4,819459227375.022
2004,Portugal,POR,PRT,0,2,1,3,189382122532.169
2004,Finland,FIN,FIN,0,2,0,2,197458297639.769
2004,Slovenia,SLO,SVN,0,1,3,4,34156553313.4031
2004,Estonia,EST,EST,0,1,2,3,12148595031.0559
2004,"Hong Kong, China",HKG,HKG,0,1,0,1,169099768875.193
2004,India,IND,IND,0,1,0,1,709152728830.775
2004,Paraguay,PAR,PRY,0,1,0,1,9624440836.29309
2004,Colombia,COL,COL,0,0,2,2,117092416666.245
2004,Nigeria,NGR,NGA,0,0,2,2,135764731645.611
2004,Venezuela,VEN,VEN,0,0,2,2,112451400424.964
2004,Eritrea,ERI,ERI,0,0,1,1,1109054005.43971
2004,Mongolia,MGL,MNG,0,0,1,1,1992066808.09598
2004,Syrian Arab Republic,SYR,SYR,0,0,1,1,25086950495.0495
2004,Trinidad and Tobago,TTO,TTO,0,0,1,1,13280291989.5755
2008,People's Republic of China,CHN,CHN,48,22,30,100,4667346414521.95
2008,United States,USA,USA,36,39,37,112,14769862000000
2008,Russian Federation,RUS,RUS,24,13,23,60,1660848058303.11
2008,Great Britain,GBR,GBR,19,13,19,51,2929411764705.88
2008,Germany,GER,DEU,16,11,14,41,3808786022312.5
2008,Australia,AUS,AUS,14,15,17,46,1056112427190.38
2008,Republic of Korea,KOR,KOR,13,11,8,32,1047339010225.25
2008,Japan,JPN,JPN,9,8,8,25,5106679115127.3
2008,Italy,ITA,ITA,8,9,10,27,2417508414187.19
2008,France,FRA,FRA,7,16,20,43,2926802941585.86
2008,Netherlands,NED,NLD,7,5,4,16,957901566041.406
2008,Ukraine,UKR,UKR,7,4,11,22,188110390659.515
2008,Kenya,KEN,KEN,6,4,6,16,35895153327.8497
2008,Spain,ESP,ESP,5,11,3,19,1636115447612.5
2008,Jamaica,JAM,JAM,5,4,2,11,13709401520.0326
2008,Poland,POL,POL,4,5,2,11,535612030671.888
2008,Ethiopia,ETH,ETH,4,2,1,7,27066912635.2228
2008,Romania,ROU,ROU,4,1,4,9,214315932061.275
2008,Cuba,CUB,CUB,3,10,17,30,56302129629.6296
2008,Canada,CAN,CAN,3,9,8,20,1552989690721.65
2008,Hungary,HUN,HUN,3,5,2,10,158228265915.534
2008,Norway,NOR,NOR,3,5,1,9,464917553191.489
2008,Brazil,BRA,BRA,3,4,10,17,1695855083497.52
2008,Belarus,BLR,BLR,3,4,7,14,60752106347.126
2008,Czechia,CZE,CZE,3,3,1,7,236506264753.95
2008,Slovakia,SVK,SVK,3,3,0,6,100830060552.902
2008,New Zealand,NZL,NZL,3,2,4,9,133437126590.286
2008,Georgia,GEO,GEO,3,2,2,7,12795145130.9103
2008,Kazakhstan,KAZ,KAZ,2,3,4,9,133441648851.982
2008,Denmark,DEN,DNK,2,2,3,7,354979471960.142
2008,Thailand,THA,THA,2,2,2,6,291382982430.951
2008,Mongolia,MGL,MNG,2,2,0,4,5623216608.04288
2008,Switzerland,SUI,CHE,2,1,4,7,567267767519.158
2008,Argentina,ARG,ARG,2,0,4,6,361558037110.419
2008,Mexico,MEX,MEX,2,0,2,4,1161553459984.65
2008,Belgium,BEL,BEL,2,0,0,2,517328087920.078
2008,Zimbabwe,ZIM,ZWE,1,3,0,4,4415703155.54517
2008,Slovenia,SLO,SVN,1,2,2,5,55509332322.3578
2008,Azerbaijan,AZE,AZE,1,1,4,6,48851293785.4483
2008,Indonesia,INA,IDN,1,1,4,6,510228634992.258
2008,Bulgaria,BUL,BGR,1,1,3,5,54480684188.4442
2008,Turkey,TUR,TUR,1,1,3,5,770449132861.373
2008,Finland,FIN,FIN,1,1,2,4,285698662071.094
2008,Latvia,LAT,LVA,1,1,1,3,34135200994.0067
2008,Dominican Republic,DOM,DOM,1,1,0,2,48091433554.186
2008,Estonia,EST,EST,1,1,0,2,24342935403.5447
2008,Portugal,POR,PRT,1,1,0,2,263416394624.084
2008,Trinidad and Tobago,TTO,TTO,1,1,0,2,27871587349.5413
2008,India,IND,IND,1,0,2,3,1198895139005.92
2008,Islamic Republic of Iran,IRI,IRN,1,0,1,2,406070949550.867
2008,Cameroon,CMR,CMR,1,0,0,1,27715142032.913
2008,Panama,PAN,PAN,1,0,0,1,25721328000
2008,Tunisia,TUN,TUN,1,0,0,1,44859439902.2191
2008,Sweden,SWE,SWE,0,4,1,5,514616528348.834
2008,Lithuania,LTU,LTU,0,3,2,5,47831254207.5223
2008,Nigeria,NGR,NGA,0,3,2,5,339476276257.793
2008,Croatia,CRO,HRV,0,2,3,5,68478776205.9826
2008,Colombia,COL,COL,0,2,1,3,242504150472.931
2008,Greece,GRE,GRC,0,2,1,3,351121399546.485
2008,Armenia,ARM,ARM,0,1,4,5,11662040713.8753
2008,Uzbekistan,UZB,UZB,0,1,3,4,29549438883.8338
2008,Austria,AUT,AUT,0,1,2,3,429234399096.173
2008,Ireland,IRL,IRL,0,1,2,3,275447471451.063
2008,Kyrgyzstan,KGZ,KGZ,0,1,2,3,5139958909.17936
2008,Serbia,SRB,SRB,0,1,2,3,54220641201.6474
2008,Algeria,ALG,DZA,0,1,1,2,180383848331.135
2008,Morocco,MAR,MAR,0,1,1,2,101822906949.063
2008,Tajikistan,TJK,TJK,0,1,1,2,5161299725.27673
2008,The Bahamas,BAH,BHS,0,1,1,2,10526000000
2008,Chile,CHI,CHL,0,1,0,1,179894594475.405
2008,Ecuador,ECU,ECU,0,1,0,1,61139438000
2008,Iceland,ISL,ISL,0,1,0,1,18074622987.0185
2008,Malaysia,MAS,MYS,0,1,0,1,230811614370.384
2008,Samoa,SAM,WSM,0,1,0,1,641346191.664776
2008,Singapore,SGP,SGP,0,1,0,1,193617323539.203
2008,South Africa,RSA,ZAF,0,1,0,1,316131258616.309
2008,Sudan,SUD,SDN,0,1,0,1,64833083257.1431
2008,Vietnam,VIE,VNM,0,1,0,1,99130304099.1274
2008,Egypt,EGY,EGY,0,0,2,2,162818181818.182
2008,Afghanistan,AFG,AFG,0,0,1,1,10109297047.5432
2008,Israel,ISR,ISR,0,0,1,1,221231658862.876
2008,Mauritius,MRI,MUS,0,0,1,1,9990356673.73497
2008,Republic of Moldova,MDA,MDA,0,0,1,1,6054824248.24221
2008,Togo,TOG,TGO,0,0,1,1,4578849657.99813
2008,Venezuela,VEN,VEN,0,0,1,1,315953388510.678
2012,United States,USA,USA,48,26,30,104,16253970000000
2012,People's Republic of China,CHN,CHN,39,31,22,92,8673664713189.24
2012,Great Britain,GBR,GBR,29,18,18,65,2707089726614.64
2012,Russian Federation,RUS,RUS,18,21,26,65,2208293553878.42
2012,Republic of Korea,KOR,KOR,13,9,8,30,1278046536287.01
2012,Germany,GER,DEU,11,20,13,44,3597896500945.31
2012,France,FRA,FRA,11,11,13,35,2683007095787.23
2012,Australia,AUS,AUS,8,15,12,35,1547532281116.4
2012,Italy,ITA,ITA,8,9,11,28,2097929495121.68
2012,Hungary,HUN,HUN,8,4,6,18,128470269689.958
2012,Japan,JPN,JPN,7,14,17,38,6272362996105.03
2012,Islamic Republic of Iran,IRI,IRN,7,5,1,13,644019315003.54
2012,Netherlands,NED,NLD,6,6,8,20,845689017065.625
2012,New Zealand,NZL,NZL,6,2,5,13,176560711239.147
2012,Ukraine,UKR,UKR,5,4,10,19,182591753827.949
2012,Cuba,CUB,CUB,5,3,7,15,73141000000
2012,Spain,ESP,ESP,4,10,6,20,1330994811670.31
2012,Jamaica,JAM,JAM,4,5,4,13,14807086555.5283
2012,Czechia,CZE,CZE,4,4,3,11,210363223087.728
2012,South Africa,RSA,ZAF,4,1,1,6,434400545085.811
2012,Brazil,BRA,BRA,3,5,9,17,2465227802806.76
2012,Poland,POL,POL,3,2,6,11,498148649702.66
2012,Ethiopia,ETH,ETH,3,2,3,8,43310721414.0829
2012,Kazakhstan,KAZ,KAZ,3,1,7,11,207998568865.789
2012,Croatia,CRO,HRV,3,1,2,6,57551963753.2104
2012,Canada,CAN,CAN,2,6,10,18,1828366481521.6
2012,Belarus,BLR,BLR,2,5,3,10,65685890438.8922
2012,Kenya,KEN,KEN,2,4,7,13,56396704671.5777
2012,Denmark,DEN,DNK,2,4,3,9,326792574244.963
2012,Romania,ROU,ROU,2,4,1,7,179117323107.087
2012,Azerbaijan,AZE,AZE,2,2,5,9,69679944504.1972
2012,Switzerland,SUI,CHE,2,2,0,4,686420221557.99
2012,Norway,NOR,NOR,2,1,1,4,512777309840.997
2012,Lithuania,LTU,LTU,2,0,3,5,42709372066.8627
2012,Tunisia,TUN,TUN,2,0,1,3,47311401812.6733
2012,Sweden,SWE,SWE,1,4,3,8,549742183874.355
2012,Colombia,COL,COL,1,3,5,9,370691143018.039
2012,Mexico,MEX,MEX,1,3,4,8,1255110424665.92
2012,Georgia,GEO,GEO,1,2,3,6,16894392033.2256
2012,Ireland,IRL,IRL,1,1,4,6,227270922957.327
2012,Argentina,ARG,ARG,1,1,2,4,545982375701.128
2012,Serbia,SRB,SRB,1,1,2,4,45103269969.4112
2012,Slovenia,SLO,SVN,1,1,2,4,46167053954.3367
2012,Trinidad and Tobago,TTO,TTO,1,1,2,4,27147349937.4689
2012,Turkey,TUR,TUR,1,1,1,3,880555885492.269
2012,Dominican Republic,DOM,DOM,1,1,0,2,60561635555.6383
2012,Latvia,LAT,LVA,1,0,1,2,27116149948.6683
2012,Algeria,ALG,DZA,1,0,0,1,227143746075.934
2012,Bahrain,BRN,BHR,1,0,0,1,31963404255.3191
2012,Grenada,GRN,GRD,1,0,0,1,799881481.481481
2012,The Bahamas,BAH,BHS,1,0,0,1,10720400000
2012,Uganda,UGA,UGA,1,0,0,1,27305915910.7877
2012,Venezuela,VEN,VEN,1,0,0,1,381286237847.667
2012,Egypt,EGY,EGY,0,3,1,4,279116666666.667
2012,India,IND,IND,0,2,4,6,1827637590410.41
2012,Mongolia,MGL,MNG,0,2,3,5,12292770631.565
2012,Thailand,THA,THA,0,2,2,4,397558325278.579
2012,Bulgaria,BUL,BGR,0,2,1,3,54297052002.2338
2012,Finland,FIN,FIN,0,2,1,3,257443384492.969
2012,Indonesia,INA,IDN,0,2,1,3,917869913332.649
2012,Slovakia,SVK,SVK,0,1,3,4,94724394278.052
2012,Belgium,BEL,BEL,0,1,2,3,498414364944.961
2012,Armenia,ARM,ARM,0,1,1,2,10619320682.9474
2012,Estonia,EST,EST,0,1,1,2,23237406116.3988
2012,Malaysia,MAS,MYS,0,1,1,2,314443047642.111
2012,Puerto Rico,PUR,PRI,0,1,1,2,101564800000
2012,Qatar,QAT,QAT,0,1,1,2,186833502362.637
2012,Botswana,BOT,BWA,0,1,0,1,13907464500.1489
2012,Cyprus,CYP,CYP,0,1,0,1,25047436974.6819
2012,Gabon,GAB,GAB,0,1,0,1,17170464016.0593
2012,Guatemala,GUA,GTM,0,1,0,1,49593929487.1263
2012,Montenegro,MNE,MNE,0,1,0,1,4087526241.81268
2012,Portugal,POR,PRT,0,1,0,1,216536676771.973
2012,Uzbekistan,UZB,UZB,0,0,3,3,67517349212.0609
2012,Greece,GRE,GRC,0,0,2,2,238841140018.233
2012,Singapore,SGP,SGP,0,0,2,2,295092888076.589
2012,Afghanistan,AFG,AFG,0,0,1,1,19907329777.5872
2012,Cameroon,CMR,CMR,0,0,1,1,30155062329.2821
2012,"Hong Kong, China",HKG,HKG,0,0,1,1,262628865879.697
2012,Kingdom of Saudi Arabia,KSA,SAU,0,0,1,1,751921333333.333
2012,Kuwait,KUW,KWT,0,0,1,1,174047662555.419
2012,Morocco,MAR,MAR,0,0,1,1,106937392311.129
2012,Tajikistan,TJK,TJK,0,0,1,1,7633036903.07634
2012,Vietnam,VIE,VNM,0,0,1,1,195590661129.249
2016,United States,USA,USA,46,37,38,121,18804913000000
2016,Great Britain,GBR,GBR,27,23,17,67,2689106566899.61
2016,People's Republic of China,CHN,CHN,26,18,26,70,11456024084962
2016,Russian Federation,RUS,RUS,19,17,20,56,1276786350881.14
2016,Germany,GER,DEU,17,10,15,42,3537784107980.55
2016,Japan,JPN,JPN,12,8,21,41,5003677627544.24
2016,France,FRA,FRA,10,18,14,42,2470407619777.13
2016,Republic of Korea,KOR,KOR,9,3,9,21,1499679823909.61
2016,Italy,ITA,ITA,8,12,8,28,1887111188176.93
2016,Australia,AUS,AUS,8,11,10,29,1206836962281.84
2016,Netherlands,NED,NLD,8,7,4,19,797163949289.885
2016,Hungary,HUN,HUN,8,3,4,15,128983560865.293
2016,Brazil,BRA,BRA,7,6,6,19,1795693482853.01
2016,Spain,ESP,ESP,7,4,6,17,1243015667917.12
2016,Kenya,KEN,KEN,6,6,1,13,74815144163.8931
2016,Jamaica,JAM,JAM,6,3,2,11,14077096676.6213
2016,Croatia,CRO,HRV,5,3,2,10,52654855638.1057
2016,Cuba,CUB,CUB,5,2,4,11,91370407863.7
2016,New Zealand,NZL,NZL,4,9,5,18,189100085275.23
2016,Canada,CAN,CAN,4,3,15,22,1527994741907.43
2016,Uzbekistan,UZB,UZB,4,2,7,13,86138288644.171
2016,Colombia,COL,COL,3,2,3,8,282720100286.228
2016,Switzerland,SUI,CHE,3,2,2,7,687895460902.713
2016,Islamic Republic of Iran,IRI,IRN,3,1,4,8,459042684192.698
2016,Greece,GRE,GRC,3,1,2,6,193097239005.87
2016,Argentina,ARG,ARG,3,1,0,4,557532320662.955
2016,Denmark,DEN,DNK,2,6,7,15,312181849372.233
2016,Sweden,SWE,SWE,2,6,3,11,514218206628.325
2016,South Africa,RSA,ZAF,2,6,2,10,323585509674.481
2016,Kazakhstan,KAZ,KAZ,2,5,10,17,137278320084.171
2016,Ukraine,UKR,UKR,2,5,4,11,93355869403.9223
2016,Serbia,SRB,SRB,2,4,2,8,42225495909.5633
2016,Poland,POL,POL,2,3,6,11,473259623976.262
2016,Belgium,BEL,BEL,2,2,2,6,474271566739.729
2016,Thailand,THA,THA,2,2,2,6,413366349747.508
2016,Slovakia,SVK,SVK,2,2,0,4,90347173228.6356
2016,Georgia,GEO,GEO,2,1,4,7,15444548901.9637
2016,Azerbaijan,AZE,AZE,1,7,10,18,37866996882.9157
2016,Belarus,BLR,BLR,1,4,4,9,47723545321.259
2016,Turkey,TUR,TUR,1,3,4,8,869682881593.041
2016,Armenia,ARM,ARM,1,3,0,4,10546136235.5219
2016,Czechia,CZE,CZE,1,2,7,10,198160659303.939
2016,Ethiopia,ETH,ETH,1,2,5,8,74296766562.127
2016,Slovenia,SLO,SVN,1,2,1,4,44290685824.0682
2016,Indonesia,INA,IDN,1,2,0,3,931877364037.698
2016,Romania,ROU,ROU,1,1,2,4,185290759248.844
2016,Bahrain,BRN,BHR,1,1,0,2,33884680851.0638
2016,Vietnam,VIE,VNM,1,1,0,2,257096001177.982
2016,Cote d'Ivoire,CIV,CIV,1,0,1,2,48407761036.8238
2016,The Bahamas,BAH,BHS,1,0,1,2,11880900000
2016,Fiji,FIJ,FJI,1,0,0,1,4930213644.36653
2016,Jordan,JOR,JOR,1,0,0,1,39892551126.7606
2016,Puerto Rico,PUR,PRI,1,0,0,1,104336700000
2016,Singapore,SGP,SGP,1,0,0,1,319646468521.497
2016,Tajikistan,TJK,TJK,1,0,0,1,6992416096.89018
2016,Malaysia,MAS,MYS,0,4,1,5,301256033870.334
2016,Mexico,MEX,MEX,0,3,2,5,1112233497452.7
2016,Algeria,ALG,DZA,0,2,0,2,180763839522.151
2016,Ireland,IRL,IRL,0,2,0,2,305733136180.907
2016,Lithuania,LTU,LTU,0,1,3,4,42970749245.0336
2016,Bulgaria,BUL,BGR,0,1,2,3,53929397039.2106
2016,India,IND,IND,0,1,1,2,2294796885663.16
2016,Mongolia,MGL,MNG,0,1,1,2,11181350649.3573
2016,Burundi,BDI,BDI,0,1,0,1,2644487776.50077
2016,Grenada,GRN,GRD,0,1,0,1,1061640740.74074
2016,Niger,NIG,NER,0,1,0,1,10398861981.7583
2016,Philippines,PHI,PHL,0,1,0,1,318627003016.731
2016,Qatar,QAT,QAT,0,1,0,1,151732181868.132
2016,Norway,NOR,NOR,0,0,4,4,370956547619.048
2016,Egypt,EGY,EGY,0,0,3,3,332441717791.411
2016,Tunisia,TUN,TUN,0,0,3,3,44360072680.4476
2016,Israel,ISR,ISR,0,0,2,2,321940971558.016
2016,Austria,AUT,AUT,0,0,1,1,393687359770.273
2016,Dominican Republic,DOM,DOM,0,0,1,1,75552902635.7075
2016,Estonia,EST,EST,0,0,1,1,24561027787.7896
2016,Finland,FIN,FIN,0,0,1,1,238777818792.608
2016,Morocco,MAR,MAR,0,0,1,1,111572947004.917
2016,Nigeria,NGR,NGA,0,0,1,1,404649125252.16
2016,Portugal,POR,PRT,0,0,1,1,206305431241.638
2016,Trinidad and Tobago,TTO,TTO,0,0,1,1,23624333663.6693
2016,United Arab Emirates,UAE,ARE,0,0,1,1,369255326235.534
2020,United States,USA,USA,39,41,33,113,21354105000000
2020,People's Republic of China,CHN,CHN,38,32,19,89,14996414166715.1
2020,Japan,JPN,JPN,27,14,17,58,5054068005376.28
2020,Great Britain,GBR,GBR,22,20,22,64,2696778386607.65
2020,Australia,AUS,AUS,17,7,22,46,1328414058378.38
2020,Netherlands,NED,NLD,10,12,14,36,932560861701.17
2020,France,FRA,FRA,10,12,11,33,2647926055110.05
2020,Germany,GER,DEU,10,11,16,37,3940142541354.1
2020,Italy,ITA,ITA,10,10,20,40,1907481094079.23
2020,Canada,CAN,CAN,7,7,10,24,1655684730000.19
2020,Brazil,BRA,BRA,7,6,8,21,1476107231310.49
2020,New Zealand,NZL,NZL,7,6,7,20,213029554653.687
2020,Cuba,CUB,CUB,7,3,5,15,107351800000
2020,Hungary,HUN,HUN,6,7,7,20,158468487754.196
2020,Republic of Korea,KOR,KOR,6,4,10,20,1644312831906.17
2020,Poland,POL,POL,4,5,5,14,605914186117.953
2020,Czechia,CZE,CZE,4,4,3,11,251109660602.536
2020,Kenya,KEN,KEN,4,4,2,10,100657505750.545
2020,Norway,NOR,NOR,4,2,2,8,367633418886.627
2020,Jamaica,JAM,JAM,4,1,4,9,13812421835.7369
2020,Spain,ESP,ESP,3,8,6,17,1289783836971.21
2020,Sweden,SWE,SWE,3,6,0,9,545147614972.141
2020,Switzerland,SUI,CHE,3,4,6,13,741999406005.627
2020,Denmark,DEN,DNK,3,4,4,11,355631021931.621
2020,Croatia,CRO,HRV,3,3,2,8,57963370885.0798
2020,Islamic Republic of Iran,IRI,IRN,3,2,2,7,262186179355.944
2020,Serbia,SRB,SRB,3,1,5,9,55874017668.998
2020,Belgium,BEL,BEL,3,1,3,7,529694473501.791
2020,Bulgaria,BUL,BGR,3,1,2,6,70550652466.6251
2020,Slovenia,SLO,SVN,3,1,1,5,53384760135.1581
2020,Uzbekistan,UZB,UZB,3,0,2,5,66443265418.3086
2020,Georgia,GEO,GEO,2,5,1,8,16010869215.68
2020,Turkey,TUR,TUR,2,2,9,13,720338490327.248
2020,Greece,GRE,GRC,2,1,1,4,191362985554.861
2020,Uganda,UGA,UGA,2,1,1,4,37600368239.8824
2020,Ecuador,ECU,ECU,2,1,0,3,95865473000
2020,Ireland,IRL,IRL,2,0,2,4,436555518400.451
2020,Israel,ISR,ISR,2,0,2,4,410768352657.612
2020,Qatar,QAT,QAT,2,0,1,3,144411363351.648
2020,The Bahamas,BAH,BHS,2,0,0,2,10363200000
2020,Ukraine,UKR,UKR,1,6,12,19,156617722013.342
2020,Belarus,BLR,BLR,1,3,3,7,61371673344.7424
2020,Romania,ROU,ROU,1,3,0,4,252033792712.145
2020,India,IND,IND,1,2,4,7,2674851578587.27
2020,"Hong Kong, China",HKG,HKG,1,2,3,6,344943149590.058
2020,Philippines,PHI,PHL,1,2,1,4,361751145451.597
2020,Slovakia,SVK,SVK,1,2,1,4,107732602896.441
2020,South Africa,RSA,ZAF,1,2,0,3,337974655408.055
2020,Austria,AUT,AUT,1,1,5,7,434397601557.696
2020,Egypt,EGY,EGY,1,1,4,6,383817841547.099
2020,Indonesia,INA,IDN,1,1,3,5,1059054842698.48
2020,Ethiopia,ETH,ETH,1,1,2,4,107657732424.155
2020,Portugal,POR,PRT,1,1,2,4,229618773422.577
2020,Tunisia,TUN,TUN,1,1,0,2,42491780918.361
2020,Estonia,EST,EST,1,0,1,2,31820771493.8974
2020,Fiji,FIJ,FJI,1,0,1,2,4432466219.87685
2020,Latvia,LAT,LVA,1,0,1,2,33379927434.6149
2020,Thailand,THA,THA,1,0,1,2,500461898480.246
2020,Bermuda,BER,BMU,1,0,0,1,6887364000
2020,Morocco,MAR,MAR,1,0,0,1,121353645057.144
2020,Puerto Rico,PUR,PRI,1,0,0,1,103130900000
2020,Colombia,COL,COL,0,4,1,5,270348342541.465
2020,Azerbaijan,AZE,AZE,0,3,4,7,42693000000
2020,Dominican Republic,DOM,DOM,0,3,2,5,78546672406.8291
2020,Armenia,ARM,ARM,0,2,2,4,12641698583.2152
2020,Kyrgyzstan,KGZ,KGZ,0,2,1,3,8270468614.24051
2020,Mongolia,MGL,MNG,0,1,3,4,13312981429.0891
2020,Argentina,ARG,ARG,0,1,2,3,385740508436.965
2020,San Marino,SMR,SMR,0,1,2,3,1544714493.24409
2020,Jordan,JOR,JOR,0,1,1,2,43700383098.5916
2020,Malaysia,MAS,MYS,0,1,1,2,337456163961.211
2020,Nigeria,NGR,NGA,0,1,1,2,432198898467.795
2020,Bahrain,BRN,BHR,0,1,0,1,35837632978.7234
2020,Kingdom of Saudi Arabia,KSA,SAU,0,1,0,1,767951200000
2020,Lithuania,LTU,LTU,0,1,0,1,57412038533.2718
2020,Namibia,NAM,NAM,0,1,0,1,10583748541.5258
2020,North Macedonia,MKD,MKD,0,1,0,1,12361036913.8409
2020,Turkmenistan,TKM,TKM,0,1,0,1,45818000000
2020,Kazakhstan,KAZ,KAZ,0,0,8,8,171082365861.423
2020,Mexico,MEX,MEX,0,0,4,4,1121064767401.51
2020,Finland,FIN,FIN,0,0,2,2,270000311606.226
2020,Botswana,BOT,BWA,0,0,1,1,14960251610.8975
2020,Burkina Faso,BUR,BFA,0,0,1,1,17725010532.5268
2020,Cote d'Ivoire,CIV,CIV,0,0,1,1,63027852805.4204
2020,Ghana,GHA,GHA,0,0,1,1,70008243859.8666
2020,Grenada,GRN,GRD,0,0,1,1,1043411111.11111
2020,Kuwait,KUW,KWT,0,0,1,1,111045470461.207
2020,Republic of Moldova,MDA,MDA,0,0,1,1,11530746234.4492
2020,Syrian Arab Republic,SYR,SYR,0,0,1,1,12047752036.091
